2022,Acura,2022-Acura,2022-acura
2022,Aston Martin,2022-Aston Martin,2022-aston martin
2022,Audi,2022-Audi,2022-audi
2022,BMW,2022-BMW,2022-bmw
2022,Buick,2022-Buick,2022-buick
2022,Cadillac,2022-Cadillac,2022-cadillac
2022,Chevrolet,2022-Chevrolet,2022-chevrolet
2022,Ford,2022-Ford,2022-ford
2022,Genesis,2022-Genesis,2022-genesis
2022,GMC,2022-GMC,2022-gmc
2022,Honda,2022-Honda,2022-honda
2022,Hyundai,2022-Hyundai,2022-hyundai
2022,Jeep,2022-Jeep,2022-jeep
2022,Kia,2022-Kia,2022-kia
2022,Land Rover,2022-Land Rover,2022-land rover
2022,Lincoln,2022-Lincoln,2022-lincoln
2022,Mazda,2022-Mazda,2022-mazda
2022,Mercedes-Benz,2022-Mercedes-Benz,2022-mercedes-benz
2022,Mitsubishi,2022-Mitsubishi,2022-mitsubishi
2022,Nissan,2022-Nissan,2022-nissan
2022,Porsche,2022-Porsche,2022-porsche
2022,Toyota,2022-Toyota,2022-toyota
2022,Volkswagen,2022-Volkswagen,2022-volkswagen
2021,Acura,2021-Acura,2021-acura
2021,Alfa Romeo,2021-Alfa Romeo,2021-alfa romeo
2021,Aston Martin,2021-Aston Martin,2021-aston martin
2021,Audi,2021-Audi,2021-audi
2021,Bentley,2021-Bentley,2021-bentley
2021,BMW,2021-BMW,2021-bmw
2021,Buick,2021-Buick,2021-buick
2021,Cadillac,2021-Cadillac,2021-cadillac
2021,Chevrolet,2021-Chevrolet,2021-chevrolet
2021,Dodge,2021-Dodge,2021-dodge
2021,Fiat,2021-Fiat,2021-fiat
2021,Ford,2021-Ford,2021-ford
2021,Freightliner,2021-Freightliner,2021-freightliner
2021,Genesis,2021-Genesis,2021-genesis
2021,GMC,2021-GMC,2021-gmc
2021,Honda,2021-Honda,2021-honda
2021,Hyundai,2021-Hyundai,2021-hyundai
2021,Infiniti,2021-Infiniti,2021-infiniti
2021,Jaguar,2021-Jaguar,2021-jaguar
2021,Jeep,2021-Jeep,2021-jeep
2021,Kia,2021-Kia,2021-kia
2021,Lamborghini,2021-Lamborghini,2021-lamborghini
2021,Land Rover,2021-Land Rover,2021-land rover
2021,Lexus,2021-Lexus,2021-lexus
2021,Lincoln,2021-Lincoln,2021-lincoln
2021,Maserati,2021-Maserati,2021-maserati
2021,Mazda,2021-Mazda,2021-mazda
2021,Mercedes-Benz,2021-Mercedes-Benz,2021-mercedes-benz
2021,Mitsubishi,2021-Mitsubishi,2021-mitsubishi
2021,Nissan,2021-Nissan,2021-nissan
2021,Porsche,2021-Porsche,2021-porsche
2021,Ram,2021-Ram,2021-ram
2021,Rolls-Royce,2021-Rolls-Royce,2021-rolls-royce
2021,Subaru,2021-Subaru,2021-subaru
2021,Tesla,2021-Tesla,2021-tesla
2021,Toyota,2021-Toyota,2021-toyota
2021,Volkswagen,2021-Volkswagen,2021-volkswagen
2021,Volvo,2021-Volvo,2021-volvo
2020,Acura,2020-Acura,2020-acura
2020,Alfa Romeo,2020-Alfa Romeo,2020-alfa romeo
2020,Audi,2020-Audi,2020-audi
2020,Bentley,2020-Bentley,2020-bentley
2020,BMW,2020-BMW,2020-bmw
2020,Buick,2020-Buick,2020-buick
2020,Cadillac,2020-Cadillac,2020-cadillac
2020,Chevrolet,2020-Chevrolet,2020-chevrolet
2020,Dodge,2020-Dodge,2020-dodge
2020,Fiat,2020-Fiat,2020-fiat
2020,Ford,2020-Ford,2020-ford
2020,Freightliner,2020-Freightliner,2020-freightliner
2020,GMC,2020-GMC,2020-gmc
2020,Honda,2020-Honda,2020-honda
2020,Hyundai,2020-Hyundai,2020-hyundai
2020,Infiniti,2020-Infiniti,2020-infiniti
2020,Jaguar,2020-Jaguar,2020-jaguar
2020,Jeep,2020-Jeep,2020-jeep
2020,Kia,2020-Kia,2020-kia
2020,Lamborghini,2020-Lamborghini,2020-lamborghini
2020,Land Rover,2020-Land Rover,2020-land rover
2020,Lexus,2020-Lexus,2020-lexus
2020,Lincoln,2020-Lincoln,2020-lincoln
2020,Maserati,2020-Maserati,2020-maserati
2020,Mazda,2020-Mazda,2020-mazda
2020,Mercedes-Benz,2020-Mercedes-Benz,2020-mercedes-benz
2020,Mitsubishi,2020-Mitsubishi,2020-mitsubishi
2020,Nissan,2020-Nissan,2020-nissan
2020,Porsche,2020-Porsche,2020-porsche
2020,Ram,2020-Ram,2020-ram
2020,Rolls-Royce,2020-Rolls-Royce,2020-rolls-royce
2020,Subaru,2020-Subaru,2020-subaru
2020,Tesla,2020-Tesla,2020-tesla
2020,Toyota,2020-Toyota,2020-toyota
2020,Volkswagen,2020-Volkswagen,2020-volkswagen
2020,Volvo,2020-Volvo,2020-volvo
2019,Acura,2019-Acura,2019-acura
2019,Alfa Romeo,2019-Alfa Romeo,2019-alfa romeo
2019,Audi,2019-Audi,2019-audi
2019,Bentley,2019-Bentley,2019-bentley
2019,BMW,2019-BMW,2019-bmw
2019,Buick,2019-Buick,2019-buick
2019,Cadillac,2019-Cadillac,2019-cadillac
2019,Chevrolet,2019-Chevrolet,2019-chevrolet
2019,Dodge,2019-Dodge,2019-dodge
2019,Fiat,2019-Fiat,2019-fiat
2019,Ford,2019-Ford,2019-ford
2019,Freightliner,2019-Freightliner,2019-freightliner
2019,GMC,2019-GMC,2019-gmc
2019,Honda,2019-Honda,2019-honda
2019,Hyundai,2019-Hyundai,2019-hyundai
2019,Infiniti,2019-Infiniti,2019-infiniti
2019,Jaguar,2019-Jaguar,2019-jaguar
2019,Jeep,2019-Jeep,2019-jeep
2019,Kia,2019-Kia,2019-kia
2019,Lamborghini,2019-Lamborghini,2019-lamborghini
2019,Land Rover,2019-Land Rover,2019-land rover
2019,Lexus,2019-Lexus,2019-lexus
2019,Lincoln,2019-Lincoln,2019-lincoln
2019,Maserati,2019-Maserati,2019-maserati
2019,Mazda,2019-Mazda,2019-mazda
2019,Mercedes-Benz,2019-Mercedes-Benz,2019-mercedes-benz
2019,Mitsubishi,2019-Mitsubishi,2019-mitsubishi
2019,Nissan,2019-Nissan,2019-nissan
2019,Porsche,2019-Porsche,2019-porsche
2019,Ram,2019-Ram,2019-ram
2019,Rolls-Royce,2019-Rolls-Royce,2019-rolls-royce
2019,Subaru,2019-Subaru,2019-subaru
2019,Tesla,2019-Tesla,2019-tesla
2019,Toyota,2019-Toyota,2019-toyota
2019,Volkswagen,2019-Volkswagen,2019-volkswagen
2019,Volvo,2019-Volvo,2019-volvo
2018,Acura,2018-Acura,2018-acura
2018,Alfa Romeo,2018-Alfa Romeo,2018-alfa romeo
2018,Audi,2018-Audi,2018-audi
2018,Bentley,2018-Bentley,2018-bentley
2018,BMW,2018-BMW,2018-bmw
2018,Buick,2018-Buick,2018-buick
2018,Cadillac,2018-Cadillac,2018-cadillac
2018,Can-Am,2018-Can-Am,2018-can-am
2018,Chevrolet,2018-Chevrolet,2018-chevrolet
2018,Dodge,2018-Dodge,2018-dodge
2018,Fiat,2018-Fiat,2018-fiat
2018,Ford,2018-Ford,2018-ford
2018,Freightliner,2018-Freightliner,2018-freightliner
2018,GMC,2018-GMC,2018-gmc
2018,Honda,2018-Honda,2018-honda
2018,Hyundai,2018-Hyundai,2018-hyundai
2018,Infiniti,2018-Infiniti,2018-infiniti
2018,Jaguar,2018-Jaguar,2018-jaguar
2018,Jeep,2018-Jeep,2018-jeep
2018,John Deere,2018-John Deere,2018-john deere
2018,Kia,2018-Kia,2018-kia
2018,Land Rover,2018-Land Rover,2018-land rover
2018,Lexus,2018-Lexus,2018-lexus
2018,Lincoln,2018-Lincoln,2018-lincoln
2018,Maserati,2018-Maserati,2018-maserati
2018,Mazda,2018-Mazda,2018-mazda
2018,Mercedes-Benz,2018-Mercedes-Benz,2018-mercedes-benz
2018,Mitsubishi,2018-Mitsubishi,2018-mitsubishi
2018,Nissan,2018-Nissan,2018-nissan
2018,Polaris,2018-Polaris,2018-polaris
2018,Porsche,2018-Porsche,2018-porsche
2018,Ram,2018-Ram,2018-ram
2018,Subaru,2018-Subaru,2018-subaru
2018,Tesla,2018-Tesla,2018-tesla
2018,Toyota,2018-Toyota,2018-toyota
2018,Volkswagen,2018-Volkswagen,2018-volkswagen
2018,Volvo,2018-Volvo,2018-volvo
2017,Acura,2017-Acura,2017-acura
2017,Arctic Cat,2017-Arctic Cat,2017-arctic cat
2017,Audi,2017-Audi,2017-audi
2017,Bentley,2017-Bentley,2017-bentley
2017,BMW,2017-BMW,2017-bmw
2017,Buick,2017-Buick,2017-buick
2017,Cadillac,2017-Cadillac,2017-cadillac
2017,Can-Am,2017-Can-Am,2017-can-am
2017,Chevrolet,2017-Chevrolet,2017-chevrolet
2017,Dodge,2017-Dodge,2017-dodge
2017,Fiat,2017-Fiat,2017-fiat
2017,Ford,2017-Ford,2017-ford
2017,Freightliner,2017-Freightliner,2017-freightliner
2017,GMC,2017-GMC,2017-gmc
2017,Honda,2017-Honda,2017-honda
2017,Hyundai,2017-Hyundai,2017-hyundai
2017,Infiniti,2017-Infiniti,2017-infiniti
2017,Jaguar,2017-Jaguar,2017-jaguar
2017,Jeep,2017-Jeep,2017-jeep
2017,John Deere,2017-John Deere,2017-john deere
2017,Kia,2017-Kia,2017-kia
2017,Land Rover,2017-Land Rover,2017-land rover
2017,Lexus,2017-Lexus,2017-lexus
2017,Lincoln,2017-Lincoln,2017-lincoln
2017,Maserati,2017-Maserati,2017-maserati
2017,Mazda,2017-Mazda,2017-mazda
2017,Mercedes-Benz,2017-Mercedes-Benz,2017-mercedes-benz
2017,Mitsubishi,2017-Mitsubishi,2017-mitsubishi
2017,Nissan,2017-Nissan,2017-nissan
2017,Polaris,2017-Polaris,2017-polaris
2017,Porsche,2017-Porsche,2017-porsche
2017,Ram,2017-Ram,2017-ram
2017,Subaru,2017-Subaru,2017-subaru
2017,Tesla,2017-Tesla,2017-tesla
2017,Toyota,2017-Toyota,2017-toyota
2017,Volkswagen,2017-Volkswagen,2017-volkswagen
2017,Volvo,2017-Volvo,2017-volvo
2017,Yamaha,2017-Yamaha,2017-yamaha
2016,Acura,2016-Acura,2016-acura
2016,Arctic Cat,2016-Arctic Cat,2016-arctic cat
2016,Audi,2016-Audi,2016-audi
2016,BMW,2016-BMW,2016-bmw
2016,Buick,2016-Buick,2016-buick
2016,Cadillac,2016-Cadillac,2016-cadillac
2016,Can-Am,2016-Can-Am,2016-can-am
2016,Chevrolet,2016-Chevrolet,2016-chevrolet
2016,Dodge,2016-Dodge,2016-dodge
2016,Fiat,2016-Fiat,2016-fiat
2016,Ford,2016-Ford,2016-ford
2016,Freightliner,2016-Freightliner,2016-freightliner
2016,GMC,2016-GMC,2016-gmc
2016,Honda,2016-Honda,2016-honda
2016,Hyundai,2016-Hyundai,2016-hyundai
2016,Infiniti,2016-Infiniti,2016-infiniti
2016,Jeep,2016-Jeep,2016-jeep
2016,John Deere,2016-John Deere,2016-john deere
2016,Kia,2016-Kia,2016-kia
2016,Land Rover,2016-Land Rover,2016-land rover
2016,Lexus,2016-Lexus,2016-lexus
2016,Lincoln,2016-Lincoln,2016-lincoln
2016,Mazda,2016-Mazda,2016-mazda
2016,Mercedes-Benz,2016-Mercedes-Benz,2016-mercedes-benz
2016,Mitsubishi,2016-Mitsubishi,2016-mitsubishi
2016,Nissan,2016-Nissan,2016-nissan
2016,Polaris,2016-Polaris,2016-polaris
2016,Porsche,2016-Porsche,2016-porsche
2016,Ram,2016-Ram,2016-ram
2016,Subaru,2016-Subaru,2016-subaru
2016,Tesla,2016-Tesla,2016-tesla
2016,Toyota,2016-Toyota,2016-toyota
2016,Volkswagen,2016-Volkswagen,2016-volkswagen
2016,Volvo,2016-Volvo,2016-volvo
2016,Yamaha,2016-Yamaha,2016-yamaha
2015,Acura,2015-Acura,2015-acura
2015,Arctic Cat,2015-Arctic Cat,2015-arctic cat
2015,Audi,2015-Audi,2015-audi
2015,BMW,2015-BMW,2015-bmw
2015,Buick,2015-Buick,2015-buick
2015,Cadillac,2015-Cadillac,2015-cadillac
2015,Can-Am,2015-Can-Am,2015-can-am
2015,Chevrolet,2015-Chevrolet,2015-chevrolet
2015,Dodge,2015-Dodge,2015-dodge
2015,Ford,2015-Ford,2015-ford
2015,Freightliner,2015-Freightliner,2015-freightliner
2015,GMC,2015-GMC,2015-gmc
2015,Honda,2015-Honda,2015-honda
2015,Hyundai,2015-Hyundai,2015-hyundai
2015,Infiniti,2015-Infiniti,2015-infiniti
2015,Jeep,2015-Jeep,2015-jeep
2015,John Deere,2015-John Deere,2015-john deere
2015,Kia,2015-Kia,2015-kia
2015,Land Rover,2015-Land Rover,2015-land rover
2015,Lexus,2015-Lexus,2015-lexus
2015,Lincoln,2015-Lincoln,2015-lincoln
2015,Mazda,2015-Mazda,2015-mazda
2015,Mercedes-Benz,2015-Mercedes-Benz,2015-mercedes-benz
2015,Mitsubishi,2015-Mitsubishi,2015-mitsubishi
2015,Nissan,2015-Nissan,2015-nissan
2015,Polaris,2015-Polaris,2015-polaris
2015,Porsche,2015-Porsche,2015-porsche
2015,Ram,2015-Ram,2015-ram
2015,Subaru,2015-Subaru,2015-subaru
2015,Toyota,2015-Toyota,2015-toyota
2015,Volkswagen,2015-Volkswagen,2015-volkswagen
2015,Volvo,2015-Volvo,2015-volvo
2014,Acura,2014-Acura,2014-acura
2014,Arctic Cat,2014-Arctic Cat,2014-arctic cat
2014,Audi,2014-Audi,2014-audi
2014,BMW,2014-BMW,2014-bmw
2014,Buick,2014-Buick,2014-buick
2014,Cadillac,2014-Cadillac,2014-cadillac
2014,Can-Am,2014-Can-Am,2014-can-am
2014,Chevrolet,2014-Chevrolet,2014-chevrolet
2014,Dodge,2014-Dodge,2014-dodge
2014,Ford,2014-Ford,2014-ford
2014,Freightliner,2014-Freightliner,2014-freightliner
2014,GMC,2014-GMC,2014-gmc
2014,Honda,2014-Honda,2014-honda
2014,Hyundai,2014-Hyundai,2014-hyundai
2014,Infiniti,2014-Infiniti,2014-infiniti
2014,Jeep,2014-Jeep,2014-jeep
2014,John Deere,2014-John Deere,2014-john deere
2014,Kia,2014-Kia,2014-kia
2014,Land Rover,2014-Land Rover,2014-land rover
2014,Lexus,2014-Lexus,2014-lexus
2014,Lincoln,2014-Lincoln,2014-lincoln
2014,Mazda,2014-Mazda,2014-mazda
2014,Mercedes-Benz,2014-Mercedes-Benz,2014-mercedes-benz
2014,Mitsubishi,2014-Mitsubishi,2014-mitsubishi
2014,Nissan,2014-Nissan,2014-nissan
2014,Polaris,2014-Polaris,2014-polaris
2014,Porsche,2014-Porsche,2014-porsche
2014,Ram,2014-Ram,2014-ram
2014,Subaru,2014-Subaru,2014-subaru
2014,Toyota,2014-Toyota,2014-toyota
2014,Volkswagen,2014-Volkswagen,2014-volkswagen
2014,Volvo,2014-Volvo,2014-volvo
2013,Acura,2013-Acura,2013-acura
2013,Arctic Cat,2013-Arctic Cat,2013-arctic cat
2013,Audi,2013-Audi,2013-audi
2013,BMW,2013-BMW,2013-bmw
2013,Buick,2013-Buick,2013-buick
2013,Cadillac,2013-Cadillac,2013-cadillac
2013,Can-Am,2013-Can-Am,2013-can-am
2013,Chevrolet,2013-Chevrolet,2013-chevrolet
2013,Dodge,2013-Dodge,2013-dodge
2013,Ford,2013-Ford,2013-ford
2013,Freightliner,2013-Freightliner,2013-freightliner
2013,GMC,2013-GMC,2013-gmc
2013,Honda,2013-Honda,2013-honda
2013,Hyundai,2013-Hyundai,2013-hyundai
2013,Infiniti,2013-Infiniti,2013-infiniti
2013,Jeep,2013-Jeep,2013-jeep
2013,John Deere,2013-John Deere,2013-john deere
2013,Kia,2013-Kia,2013-kia
2013,Land Rover,2013-Land Rover,2013-land rover
2013,Lexus,2013-Lexus,2013-lexus
2013,Lincoln,2013-Lincoln,2013-lincoln
2013,Mazda,2013-Mazda,2013-mazda
2013,Mercedes-Benz,2013-Mercedes-Benz,2013-mercedes-benz
2013,Mitsubishi,2013-Mitsubishi,2013-mitsubishi
2013,Nissan,2013-Nissan,2013-nissan
2013,Polaris,2013-Polaris,2013-polaris
2013,Porsche,2013-Porsche,2013-porsche
2013,Ram,2013-Ram,2013-ram
2013,Subaru,2013-Subaru,2013-subaru
2013,Suzuki,2013-Suzuki,2013-suzuki
2013,Toyota,2013-Toyota,2013-toyota
2013,Volkswagen,2013-Volkswagen,2013-volkswagen
2013,Volvo,2013-Volvo,2013-volvo
2012,Acura,2012-Acura,2012-acura
2012,Arctic Cat,2012-Arctic Cat,2012-arctic cat
2012,Audi,2012-Audi,2012-audi
2012,BMW,2012-BMW,2012-bmw
2012,Buick,2012-Buick,2012-buick
2012,Cadillac,2012-Cadillac,2012-cadillac
2012,Can-Am,2012-Can-Am,2012-can-am
2012,Chevrolet,2012-Chevrolet,2012-chevrolet
2012,Dodge,2012-Dodge,2012-dodge
2012,Ford,2012-Ford,2012-ford
2012,Freightliner,2012-Freightliner,2012-freightliner
2012,GMC,2012-GMC,2012-gmc
2012,Honda,2012-Honda,2012-honda
2012,Hyundai,2012-Hyundai,2012-hyundai
2012,Infiniti,2012-Infiniti,2012-infiniti
2012,Jeep,2012-Jeep,2012-jeep
2012,John Deere,2012-John Deere,2012-john deere
2012,Kia,2012-Kia,2012-kia
2012,Land Rover,2012-Land Rover,2012-land rover
2012,Lexus,2012-Lexus,2012-lexus
2012,Lincoln,2012-Lincoln,2012-lincoln
2012,Mazda,2012-Mazda,2012-mazda
2012,Mercedes-Benz,2012-Mercedes-Benz,2012-mercedes-benz
2012,Mitsubishi,2012-Mitsubishi,2012-mitsubishi
2012,Nissan,2012-Nissan,2012-nissan
2012,Polaris,2012-Polaris,2012-polaris
2012,Porsche,2012-Porsche,2012-porsche
2012,Ram,2012-Ram,2012-ram
2012,Subaru,2012-Subaru,2012-subaru
2012,Suzuki,2012-Suzuki,2012-suzuki
2012,Toyota,2012-Toyota,2012-toyota
2012,Volkswagen,2012-Volkswagen,2012-volkswagen
2012,Volvo,2012-Volvo,2012-volvo
2011,Acura,2011-Acura,2011-acura
2011,Audi,2011-Audi,2011-audi
2011,BMW,2011-BMW,2011-bmw
2011,Buick,2011-Buick,2011-buick
2011,Cadillac,2011-Cadillac,2011-cadillac
2011,Chevrolet,2011-Chevrolet,2011-chevrolet
2011,Dodge,2011-Dodge,2011-dodge
2011,Ford,2011-Ford,2011-ford
2011,Freightliner,2011-Freightliner,2011-freightliner
2011,GMC,2011-GMC,2011-gmc
2011,Honda,2011-Honda,2011-honda
2011,Hyundai,2011-Hyundai,2011-hyundai
2011,Infiniti,2011-Infiniti,2011-infiniti
2011,Jeep,2011-Jeep,2011-jeep
2011,Kia,2011-Kia,2011-kia
2011,Land Rover,2011-Land Rover,2011-land rover
2011,Lexus,2011-Lexus,2011-lexus
2011,Lincoln,2011-Lincoln,2011-lincoln
2011,Mazda,2011-Mazda,2011-mazda
2011,Mercedes-Benz,2011-Mercedes-Benz,2011-mercedes-benz
2011,Mercury,2011-Mercury,2011-mercury
2011,Mitsubishi,2011-Mitsubishi,2011-mitsubishi
2011,Nissan,2011-Nissan,2011-nissan
2011,Porsche,2011-Porsche,2011-porsche
2011,Ram,2011-Ram,2011-ram
2011,Saab,2011-Saab,2011-saab
2011,Subaru,2011-Subaru,2011-subaru
2011,Suzuki,2011-Suzuki,2011-suzuki
2011,Toyota,2011-Toyota,2011-toyota
2011,Volkswagen,2011-Volkswagen,2011-volkswagen
2011,Volvo,2011-Volvo,2011-volvo
2010,Acura,2010-Acura,2010-acura
2010,Audi,2010-Audi,2010-audi
2010,BMW,2010-BMW,2010-bmw
2010,Buick,2010-Buick,2010-buick
2010,Cadillac,2010-Cadillac,2010-cadillac
2010,Chevrolet,2010-Chevrolet,2010-chevrolet
2010,Dodge,2010-Dodge,2010-dodge
2010,Ford,2010-Ford,2010-ford
2010,Freightliner,2010-Freightliner,2010-freightliner
2010,GMC,2010-GMC,2010-gmc
2010,Honda,2010-Honda,2010-honda
2010,Hummer,2010-Hummer,2010-hummer
2010,Hyundai,2010-Hyundai,2010-hyundai
2010,Infiniti,2010-Infiniti,2010-infiniti
2010,Jeep,2010-Jeep,2010-jeep
2010,Kia,2010-Kia,2010-kia
2010,Land Rover,2010-Land Rover,2010-land rover
2010,Lexus,2010-Lexus,2010-lexus
2010,Lincoln,2010-Lincoln,2010-lincoln
2010,Mazda,2010-Mazda,2010-mazda
2010,Mercedes-Benz,2010-Mercedes-Benz,2010-mercedes-benz
2010,Mercury,2010-Mercury,2010-mercury
2010,Mitsubishi,2010-Mitsubishi,2010-mitsubishi
2010,Nissan,2010-Nissan,2010-nissan
2010,Porsche,2010-Porsche,2010-porsche
2010,Saturn,2010-Saturn,2010-saturn
2010,Subaru,2010-Subaru,2010-subaru
2010,Suzuki,2010-Suzuki,2010-suzuki
2010,Toyota,2010-Toyota,2010-toyota
2010,Volkswagen,2010-Volkswagen,2010-volkswagen
2010,Volvo,2010-Volvo,2010-volvo
2009,Acura,2009-Acura,2009-acura
2009,Audi,2009-Audi,2009-audi
2009,BMW,2009-BMW,2009-bmw
2009,Buick,2009-Buick,2009-buick
2009,Cadillac,2009-Cadillac,2009-cadillac
2009,Chevrolet,2009-Chevrolet,2009-chevrolet
2009,Chrysler,2009-Chrysler,2009-chrysler
2009,Dodge,2009-Dodge,2009-dodge
2009,Ford,2009-Ford,2009-ford
2009,Freightliner,2009-Freightliner,2009-freightliner
2009,GMC,2009-GMC,2009-gmc
2009,Honda,2009-Honda,2009-honda
2009,Hummer,2009-Hummer,2009-hummer
2009,Hyundai,2009-Hyundai,2009-hyundai
2009,Infiniti,2009-Infiniti,2009-infiniti
2009,Jeep,2009-Jeep,2009-jeep
2009,Kia,2009-Kia,2009-kia
2009,Land Rover,2009-Land Rover,2009-land rover
2009,Lexus,2009-Lexus,2009-lexus
2009,Lincoln,2009-Lincoln,2009-lincoln
2009,Mazda,2009-Mazda,2009-mazda
2009,Mercedes-Benz,2009-Mercedes-Benz,2009-mercedes-benz
2009,Mercury,2009-Mercury,2009-mercury
2009,Mitsubishi,2009-Mitsubishi,2009-mitsubishi
2009,Nissan,2009-Nissan,2009-nissan
2009,Pontiac,2009-Pontiac,2009-pontiac
2009,Porsche,2009-Porsche,2009-porsche
2009,Saab,2009-Saab,2009-saab
2009,Saturn,2009-Saturn,2009-saturn
2009,Subaru,2009-Subaru,2009-subaru
2009,Suzuki,2009-Suzuki,2009-suzuki
2009,Toyota,2009-Toyota,2009-toyota
2009,Volkswagen,2009-Volkswagen,2009-volkswagen
2009,Volvo,2009-Volvo,2009-volvo
2008,Acura,2008-Acura,2008-acura
2008,Audi,2008-Audi,2008-audi
2008,BMW,2008-BMW,2008-bmw
2008,Buick,2008-Buick,2008-buick
2008,Cadillac,2008-Cadillac,2008-cadillac
2008,Chevrolet,2008-Chevrolet,2008-chevrolet
2008,Chrysler,2008-Chrysler,2008-chrysler
2008,Dodge,2008-Dodge,2008-dodge
2008,Ford,2008-Ford,2008-ford
2008,Freightliner,2008-Freightliner,2008-freightliner
2008,GMC,2008-GMC,2008-gmc
2008,Honda,2008-Honda,2008-honda
2008,Hummer,2008-Hummer,2008-hummer
2008,Hyundai,2008-Hyundai,2008-hyundai
2008,Infiniti,2008-Infiniti,2008-infiniti
2008,Isuzu,2008-Isuzu,2008-isuzu
2008,Jeep,2008-Jeep,2008-jeep
2008,Kia,2008-Kia,2008-kia
2008,Land Rover,2008-Land Rover,2008-land rover
2008,Lexus,2008-Lexus,2008-lexus
2008,Lincoln,2008-Lincoln,2008-lincoln
2008,Mazda,2008-Mazda,2008-mazda
2008,Mercedes-Benz,2008-Mercedes-Benz,2008-mercedes-benz
2008,Mercury,2008-Mercury,2008-mercury
2008,Mitsubishi,2008-Mitsubishi,2008-mitsubishi
2008,Nissan,2008-Nissan,2008-nissan
2008,Pontiac,2008-Pontiac,2008-pontiac
2008,Porsche,2008-Porsche,2008-porsche
2008,Saab,2008-Saab,2008-saab
2008,Saturn,2008-Saturn,2008-saturn
2008,Subaru,2008-Subaru,2008-subaru
2008,Suzuki,2008-Suzuki,2008-suzuki
2008,Toyota,2008-Toyota,2008-toyota
2008,Volkswagen,2008-Volkswagen,2008-volkswagen
2008,Volvo,2008-Volvo,2008-volvo
2007,Acura,2007-Acura,2007-acura
2007,Audi,2007-Audi,2007-audi
2007,BMW,2007-BMW,2007-bmw
2007,Buick,2007-Buick,2007-buick
2007,Cadillac,2007-Cadillac,2007-cadillac
2007,Chevrolet,2007-Chevrolet,2007-chevrolet
2007,Chrysler,2007-Chrysler,2007-chrysler
2007,Dodge,2007-Dodge,2007-dodge
2007,Ford,2007-Ford,2007-ford
2007,Freightliner,2007-Freightliner,2007-freightliner
2007,GMC,2007-GMC,2007-gmc
2007,Honda,2007-Honda,2007-honda
2007,Hummer,2007-Hummer,2007-hummer
2007,Hyundai,2007-Hyundai,2007-hyundai
2007,Infiniti,2007-Infiniti,2007-infiniti
2007,Isuzu,2007-Isuzu,2007-isuzu
2007,Jeep,2007-Jeep,2007-jeep
2007,Kia,2007-Kia,2007-kia
2007,Land Rover,2007-Land Rover,2007-land rover
2007,Lexus,2007-Lexus,2007-lexus
2007,Lincoln,2007-Lincoln,2007-lincoln
2007,Mazda,2007-Mazda,2007-mazda
2007,Mercedes-Benz,2007-Mercedes-Benz,2007-mercedes-benz
2007,Mercury,2007-Mercury,2007-mercury
2007,Mitsubishi,2007-Mitsubishi,2007-mitsubishi
2007,Nissan,2007-Nissan,2007-nissan
2007,Pontiac,2007-Pontiac,2007-pontiac
2007,Saab,2007-Saab,2007-saab
2007,Saturn,2007-Saturn,2007-saturn
2007,Subaru,2007-Subaru,2007-subaru
2007,Suzuki,2007-Suzuki,2007-suzuki
2007,Toyota,2007-Toyota,2007-toyota
2007,Volkswagen,2007-Volkswagen,2007-volkswagen
2007,Volvo,2007-Volvo,2007-volvo
2006,Acura,2006-Acura,2006-acura
2006,BMW,2006-BMW,2006-bmw
2006,Buick,2006-Buick,2006-buick
2006,Cadillac,2006-Cadillac,2006-cadillac
2006,Chevrolet,2006-Chevrolet,2006-chevrolet
2006,Chrysler,2006-Chrysler,2006-chrysler
2006,Dodge,2006-Dodge,2006-dodge
2006,Ford,2006-Ford,2006-ford
2006,Freightliner,2006-Freightliner,2006-freightliner
2006,GMC,2006-GMC,2006-gmc
2006,Honda,2006-Honda,2006-honda
2006,Hummer,2006-Hummer,2006-hummer
2006,Hyundai,2006-Hyundai,2006-hyundai
2006,Infiniti,2006-Infiniti,2006-infiniti
2006,Isuzu,2006-Isuzu,2006-isuzu
2006,Jeep,2006-Jeep,2006-jeep
2006,Kia,2006-Kia,2006-kia
2006,Land Rover,2006-Land Rover,2006-land rover
2006,Lexus,2006-Lexus,2006-lexus
2006,Lincoln,2006-Lincoln,2006-lincoln
2006,Mazda,2006-Mazda,2006-mazda
2006,Mercedes-Benz,2006-Mercedes-Benz,2006-mercedes-benz
2006,Mercury,2006-Mercury,2006-mercury
2006,Mitsubishi,2006-Mitsubishi,2006-mitsubishi
2006,Nissan,2006-Nissan,2006-nissan
2006,Pontiac,2006-Pontiac,2006-pontiac
2006,Porsche,2006-Porsche,2006-porsche
2006,Saab,2006-Saab,2006-saab
2006,Saturn,2006-Saturn,2006-saturn
2006,Subaru,2006-Subaru,2006-subaru
2006,Suzuki,2006-Suzuki,2006-suzuki
2006,Toyota,2006-Toyota,2006-toyota
2006,Volkswagen,2006-Volkswagen,2006-volkswagen
2006,Volvo,2006-Volvo,2006-volvo
2005,Acura,2005-Acura,2005-acura
2005,BMW,2005-BMW,2005-bmw
2005,Buick,2005-Buick,2005-buick
2005,Cadillac,2005-Cadillac,2005-cadillac
2005,Chevrolet,2005-Chevrolet,2005-chevrolet
2005,Chrysler,2005-Chrysler,2005-chrysler
2005,Dodge,2005-Dodge,2005-dodge
2005,Ford,2005-Ford,2005-ford
2005,Freightliner,2005-Freightliner,2005-freightliner
2005,GMC,2005-GMC,2005-gmc
2005,Honda,2005-Honda,2005-honda
2005,Hummer,2005-Hummer,2005-hummer
2005,Hyundai,2005-Hyundai,2005-hyundai
2005,Infiniti,2005-Infiniti,2005-infiniti
2005,Isuzu,2005-Isuzu,2005-isuzu
2005,Jeep,2005-Jeep,2005-jeep
2005,Kia,2005-Kia,2005-kia
2005,Land Rover,2005-Land Rover,2005-land rover
2005,Lexus,2005-Lexus,2005-lexus
2005,Lincoln,2005-Lincoln,2005-lincoln
2005,Mazda,2005-Mazda,2005-mazda
2005,Mercedes-Benz,2005-Mercedes-Benz,2005-mercedes-benz
2005,Mercury,2005-Mercury,2005-mercury
2005,Mitsubishi,2005-Mitsubishi,2005-mitsubishi
2005,Nissan,2005-Nissan,2005-nissan
2005,Pontiac,2005-Pontiac,2005-pontiac
2005,Porsche,2005-Porsche,2005-porsche
2005,Saab,2005-Saab,2005-saab
2005,Saturn,2005-Saturn,2005-saturn
2005,Subaru,2005-Subaru,2005-subaru
2005,Suzuki,2005-Suzuki,2005-suzuki
2005,Toyota,2005-Toyota,2005-toyota
2005,Volkswagen,2005-Volkswagen,2005-volkswagen
2005,Volvo,2005-Volvo,2005-volvo
2004,Acura,2004-Acura,2004-acura
2004,BMW,2004-BMW,2004-bmw
2004,Buick,2004-Buick,2004-buick
2004,Cadillac,2004-Cadillac,2004-cadillac
2004,Chevrolet,2004-Chevrolet,2004-chevrolet
2004,Chrysler,2004-Chrysler,2004-chrysler
2004,Dodge,2004-Dodge,2004-dodge
2004,Ford,2004-Ford,2004-ford
2004,Freightliner,2004-Freightliner,2004-freightliner
2004,GMC,2004-GMC,2004-gmc
2004,Honda,2004-Honda,2004-honda
2004,Hummer,2004-Hummer,2004-hummer
2004,Hyundai,2004-Hyundai,2004-hyundai
2004,Infiniti,2004-Infiniti,2004-infiniti
2004,Isuzu,2004-Isuzu,2004-isuzu
2004,Jeep,2004-Jeep,2004-jeep
2004,Kia,2004-Kia,2004-kia
2004,Land Rover,2004-Land Rover,2004-land rover
2004,Lexus,2004-Lexus,2004-lexus
2004,Lincoln,2004-Lincoln,2004-lincoln
2004,Mazda,2004-Mazda,2004-mazda
2004,Mercedes-Benz,2004-Mercedes-Benz,2004-mercedes-benz
2004,Mercury,2004-Mercury,2004-mercury
2004,Mitsubishi,2004-Mitsubishi,2004-mitsubishi
2004,Nissan,2004-Nissan,2004-nissan
2004,Oldsmobile,2004-Oldsmobile,2004-oldsmobile
2004,Pontiac,2004-Pontiac,2004-pontiac
2004,Porsche,2004-Porsche,2004-porsche
2004,Saturn,2004-Saturn,2004-saturn
2004,Subaru,2004-Subaru,2004-subaru
2004,Suzuki,2004-Suzuki,2004-suzuki
2004,Toyota,2004-Toyota,2004-toyota
2004,Volkswagen,2004-Volkswagen,2004-volkswagen
2004,Volvo,2004-Volvo,2004-volvo
2003,Acura,2003-Acura,2003-acura
2003,BMW,2003-BMW,2003-bmw
2003,Buick,2003-Buick,2003-buick
2003,Cadillac,2003-Cadillac,2003-cadillac
2003,Chevrolet,2003-Chevrolet,2003-chevrolet
2003,Dodge,2003-Dodge,2003-dodge
2003,Ford,2003-Ford,2003-ford
2003,Freightliner,2003-Freightliner,2003-freightliner
2003,GMC,2003-GMC,2003-gmc
2003,Honda,2003-Honda,2003-honda
2003,Hummer,2003-Hummer,2003-hummer
2003,Hyundai,2003-Hyundai,2003-hyundai
2003,Infiniti,2003-Infiniti,2003-infiniti
2003,Isuzu,2003-Isuzu,2003-isuzu
2003,Jeep,2003-Jeep,2003-jeep
2003,Kia,2003-Kia,2003-kia
2003,Land Rover,2003-Land Rover,2003-land rover
2003,Lexus,2003-Lexus,2003-lexus
2003,Lincoln,2003-Lincoln,2003-lincoln
2003,Mazda,2003-Mazda,2003-mazda
2003,Mercedes-Benz,2003-Mercedes-Benz,2003-mercedes-benz
2003,Mercury,2003-Mercury,2003-mercury
2003,Mitsubishi,2003-Mitsubishi,2003-mitsubishi
2003,Nissan,2003-Nissan,2003-nissan
2003,Oldsmobile,2003-Oldsmobile,2003-oldsmobile
2003,Pontiac,2003-Pontiac,2003-pontiac
2003,Porsche,2003-Porsche,2003-porsche
2003,Saturn,2003-Saturn,2003-saturn
2003,Subaru,2003-Subaru,2003-subaru
2003,Suzuki,2003-Suzuki,2003-suzuki
2003,Toyota,2003-Toyota,2003-toyota
2003,Volvo,2003-Volvo,2003-volvo
2002,Acura,2002-Acura,2002-acura
2002,BMW,2002-BMW,2002-bmw
2002,Buick,2002-Buick,2002-buick
2002,Cadillac,2002-Cadillac,2002-cadillac
2002,Chevrolet,2002-Chevrolet,2002-chevrolet
2002,Dodge,2002-Dodge,2002-dodge
2002,Ford,2002-Ford,2002-ford
2002,Freightliner,2002-Freightliner,2002-freightliner
2002,GMC,2002-GMC,2002-gmc
2002,Honda,2002-Honda,2002-honda
2002,Hummer,2002-Hummer,2002-hummer
2002,Hyundai,2002-Hyundai,2002-hyundai
2002,Infiniti,2002-Infiniti,2002-infiniti
2002,Isuzu,2002-Isuzu,2002-isuzu
2002,Jeep,2002-Jeep,2002-jeep
2002,Kia,2002-Kia,2002-kia
2002,Land Rover,2002-Land Rover,2002-land rover
2002,Lexus,2002-Lexus,2002-lexus
2002,Lincoln,2002-Lincoln,2002-lincoln
2002,Mazda,2002-Mazda,2002-mazda
2002,Mercedes-Benz,2002-Mercedes-Benz,2002-mercedes-benz
2002,Mercury,2002-Mercury,2002-mercury
2002,Mitsubishi,2002-Mitsubishi,2002-mitsubishi
2002,Nissan,2002-Nissan,2002-nissan
2002,Oldsmobile,2002-Oldsmobile,2002-oldsmobile
2002,Pontiac,2002-Pontiac,2002-pontiac
2002,Saturn,2002-Saturn,2002-saturn
2002,Subaru,2002-Subaru,2002-subaru
2002,Suzuki,2002-Suzuki,2002-suzuki
2002,Toyota,2002-Toyota,2002-toyota
2001,Acura,2001-Acura,2001-acura
2001,AM General,2001-AM General,2001-am general
2001,BMW,2001-BMW,2001-bmw
2001,Chevrolet,2001-Chevrolet,2001-chevrolet
2001,Dodge,2001-Dodge,2001-dodge
2001,Ford,2001-Ford,2001-ford
2001,GMC,2001-GMC,2001-gmc
2001,Honda,2001-Honda,2001-honda
2001,Hyundai,2001-Hyundai,2001-hyundai
2001,Infiniti,2001-Infiniti,2001-infiniti
2001,Isuzu,2001-Isuzu,2001-isuzu
2001,Jeep,2001-Jeep,2001-jeep
2001,Kia,2001-Kia,2001-kia
2001,Laforza,2001-Laforza,2001-laforza
2001,Land Rover,2001-Land Rover,2001-land rover
2001,Lexus,2001-Lexus,2001-lexus
2001,Lincoln,2001-Lincoln,2001-lincoln
2001,Mazda,2001-Mazda,2001-mazda
2001,Mercedes-Benz,2001-Mercedes-Benz,2001-mercedes-benz
2001,Mercury,2001-Mercury,2001-mercury
2001,Mitsubishi,2001-Mitsubishi,2001-mitsubishi
2001,Nissan,2001-Nissan,2001-nissan
2001,Oldsmobile,2001-Oldsmobile,2001-oldsmobile
2001,Pontiac,2001-Pontiac,2001-pontiac
2001,Subaru,2001-Subaru,2001-subaru
2001,Suzuki,2001-Suzuki,2001-suzuki
2001,Toyota,2001-Toyota,2001-toyota
2000,AM General,2000-AM General,2000-am general
2000,BMW,2000-BMW,2000-bmw
2000,Cadillac,2000-Cadillac,2000-cadillac
2000,Chevrolet,2000-Chevrolet,2000-chevrolet
2000,Dodge,2000-Dodge,2000-dodge
2000,Ford,2000-Ford,2000-ford
2000,GMC,2000-GMC,2000-gmc
2000,Honda,2000-Honda,2000-honda
2000,Infiniti,2000-Infiniti,2000-infiniti
2000,Isuzu,2000-Isuzu,2000-isuzu
2000,Jeep,2000-Jeep,2000-jeep
2000,Kia,2000-Kia,2000-kia
2000,Laforza,2000-Laforza,2000-laforza
2000,Land Rover,2000-Land Rover,2000-land rover
2000,Lexus,2000-Lexus,2000-lexus
2000,Lincoln,2000-Lincoln,2000-lincoln
2000,Mazda,2000-Mazda,2000-mazda
2000,Mercedes-Benz,2000-Mercedes-Benz,2000-mercedes-benz
2000,Mercury,2000-Mercury,2000-mercury
2000,Mitsubishi,2000-Mitsubishi,2000-mitsubishi
2000,Nissan,2000-Nissan,2000-nissan
2000,Oldsmobile,2000-Oldsmobile,2000-oldsmobile
2000,Subaru,2000-Subaru,2000-subaru
2000,Suzuki,2000-Suzuki,2000-suzuki
2000,Toyota,2000-Toyota,2000-toyota
1999,Acura,1999-Acura,1999-acura
1999,AM General,1999-AM General,1999-am general
1999,Cadillac,1999-Cadillac,1999-cadillac
1999,Chevrolet,1999-Chevrolet,1999-chevrolet
1999,Dodge,1999-Dodge,1999-dodge
1999,Ford,1999-Ford,1999-ford
1999,GMC,1999-GMC,1999-gmc
1999,Honda,1999-Honda,1999-honda
1999,Infiniti,1999-Infiniti,1999-infiniti
1999,Isuzu,1999-Isuzu,1999-isuzu
1999,Jeep,1999-Jeep,1999-jeep
1999,Kia,1999-Kia,1999-kia
1999,Laforza,1999-Laforza,1999-laforza
1999,Land Rover,1999-Land Rover,1999-land rover
1999,Lexus,1999-Lexus,1999-lexus
1999,Lincoln,1999-Lincoln,1999-lincoln
1999,Mazda,1999-Mazda,1999-mazda
1999,Mercedes-Benz,1999-Mercedes-Benz,1999-mercedes-benz
1999,Mercury,1999-Mercury,1999-mercury
1999,Mitsubishi,1999-Mitsubishi,1999-mitsubishi
1999,Nissan,1999-Nissan,1999-nissan
1999,Oldsmobile,1999-Oldsmobile,1999-oldsmobile
1999,Subaru,1999-Subaru,1999-subaru
1999,Suzuki,1999-Suzuki,1999-suzuki
1999,Toyota,1999-Toyota,1999-toyota
1998,Acura,1998-Acura,1998-acura
1998,AM General,1998-AM General,1998-am general
1998,Chevrolet,1998-Chevrolet,1998-chevrolet
1998,Dodge,1998-Dodge,1998-dodge
1998,Ford,1998-Ford,1998-ford
1998,GMC,1998-GMC,1998-gmc
1998,Honda,1998-Honda,1998-honda
1998,Infiniti,1998-Infiniti,1998-infiniti
1998,Isuzu,1998-Isuzu,1998-isuzu
1998,Jeep,1998-Jeep,1998-jeep
1998,Kia,1998-Kia,1998-kia
1998,Laforza,1998-Laforza,1998-laforza
1998,Land Rover,1998-Land Rover,1998-land rover
1998,Lexus,1998-Lexus,1998-lexus
1998,Lincoln,1998-Lincoln,1998-lincoln
1998,Mazda,1998-Mazda,1998-mazda
1998,Mercedes-Benz,1998-Mercedes-Benz,1998-mercedes-benz
1998,Mercury,1998-Mercury,1998-mercury
1998,Mitsubishi,1998-Mitsubishi,1998-mitsubishi
1998,Nissan,1998-Nissan,1998-nissan
1998,Oldsmobile,1998-Oldsmobile,1998-oldsmobile
1998,Subaru,1998-Subaru,1998-subaru
1998,Suzuki,1998-Suzuki,1998-suzuki
1998,Toyota,1998-Toyota,1998-toyota
1997,Acura,1997-Acura,1997-acura
1997,AM General,1997-AM General,1997-am general
1997,Chevrolet,1997-Chevrolet,1997-chevrolet
1997,Dodge,1997-Dodge,1997-dodge
1997,Ford,1997-Ford,1997-ford
1997,Geo,1997-Geo,1997-geo
1997,GMC,1997-GMC,1997-gmc
1997,Honda,1997-Honda,1997-honda
1997,Infiniti,1997-Infiniti,1997-infiniti
1997,Isuzu,1997-Isuzu,1997-isuzu
1997,Jeep,1997-Jeep,1997-jeep
1997,Kia,1997-Kia,1997-kia
1997,Laforza,1997-Laforza,1997-laforza
1997,Land Rover,1997-Land Rover,1997-land rover
1997,Lexus,1997-Lexus,1997-lexus
1997,Mazda,1997-Mazda,1997-mazda
1997,Mercury,1997-Mercury,1997-mercury
1997,Mitsubishi,1997-Mitsubishi,1997-mitsubishi
1997,Nissan,1997-Nissan,1997-nissan
1997,Oldsmobile,1997-Oldsmobile,1997-oldsmobile
1997,Suzuki,1997-Suzuki,1997-suzuki
1997,Toyota,1997-Toyota,1997-toyota
1996,Acura,1996-Acura,1996-acura
1996,AM General,1996-AM General,1996-am general
1996,Chevrolet,1996-Chevrolet,1996-chevrolet
1996,Dodge,1996-Dodge,1996-dodge
1996,Ford,1996-Ford,1996-ford
1996,Geo,1996-Geo,1996-geo
1996,GMC,1996-GMC,1996-gmc
1996,Honda,1996-Honda,1996-honda
1996,Isuzu,1996-Isuzu,1996-isuzu
1996,Jeep,1996-Jeep,1996-jeep
1996,Kia,1996-Kia,1996-kia
1996,Laforza,1996-Laforza,1996-laforza
1996,Land Rover,1996-Land Rover,1996-land rover
1996,Lexus,1996-Lexus,1996-lexus
1996,Mazda,1996-Mazda,1996-mazda
1996,Mitsubishi,1996-Mitsubishi,1996-mitsubishi
1996,Nissan,1996-Nissan,1996-nissan
1996,Oldsmobile,1996-Oldsmobile,1996-oldsmobile
1996,Suzuki,1996-Suzuki,1996-suzuki
1996,Toyota,1996-Toyota,1996-toyota
1995,AM General,1995-AM General,1995-am general
1995,Chevrolet,1995-Chevrolet,1995-chevrolet
1995,Dodge,1995-Dodge,1995-dodge
1995,Ford,1995-Ford,1995-ford
1995,Geo,1995-Geo,1995-geo
1995,GMC,1995-GMC,1995-gmc
1995,Honda,1995-Honda,1995-honda
1995,Isuzu,1995-Isuzu,1995-isuzu
1995,Jeep,1995-Jeep,1995-jeep
1995,Kia,1995-Kia,1995-kia
1995,Laforza,1995-Laforza,1995-laforza
1995,Land Rover,1995-Land Rover,1995-land rover
1995,Mazda,1995-Mazda,1995-mazda
1995,Mitsubishi,1995-Mitsubishi,1995-mitsubishi
1995,Nissan,1995-Nissan,1995-nissan
1995,Suzuki,1995-Suzuki,1995-suzuki
1995,Toyota,1995-Toyota,1995-toyota
1994,AM General,1994-AM General,1994-am general
1994,Chevrolet,1994-Chevrolet,1994-chevrolet
1994,Dodge,1994-Dodge,1994-dodge
1994,Ford,1994-Ford,1994-ford
1994,Geo,1994-Geo,1994-geo
1994,GMC,1994-GMC,1994-gmc
1994,Honda,1994-Honda,1994-honda
1994,Isuzu,1994-Isuzu,1994-isuzu
1994,Jeep,1994-Jeep,1994-jeep
1994,Laforza,1994-Laforza,1994-laforza
1994,Land Rover,1994-Land Rover,1994-land rover
1994,Mazda,1994-Mazda,1994-mazda
1994,Mitsubishi,1994-Mitsubishi,1994-mitsubishi
1994,Nissan,1994-Nissan,1994-nissan
1994,Oldsmobile,1994-Oldsmobile,1994-oldsmobile
1994,Suzuki,1994-Suzuki,1994-suzuki
1994,Toyota,1994-Toyota,1994-toyota
1994,Utilimaster,1994-Utilimaster,1994-utilimaster
1993,AM General,1993-AM General,1993-am general
1993,Chevrolet,1993-Chevrolet,1993-chevrolet
1993,Dodge,1993-Dodge,1993-dodge
1993,Ford,1993-Ford,1993-ford
1993,Geo,1993-Geo,1993-geo
1993,GMC,1993-GMC,1993-gmc
1993,Isuzu,1993-Isuzu,1993-isuzu
1993,Jeep,1993-Jeep,1993-jeep
1993,Laforza,1993-Laforza,1993-laforza
1993,Lamborghini,1993-Lamborghini,1993-lamborghini
1993,Land Rover,1993-Land Rover,1993-land rover
1993,Mazda,1993-Mazda,1993-mazda
1993,Mitsubishi,1993-Mitsubishi,1993-mitsubishi
1993,Nissan,1993-Nissan,1993-nissan
1993,Oldsmobile,1993-Oldsmobile,1993-oldsmobile
1993,Suzuki,1993-Suzuki,1993-suzuki
1993,Toyota,1993-Toyota,1993-toyota
1993,Utilimaster,1993-Utilimaster,1993-utilimaster
1992,AM General,1992-AM General,1992-am general
1992,Chevrolet,1992-Chevrolet,1992-chevrolet
1992,Daihatsu,1992-Daihatsu,1992-daihatsu
1992,Dodge,1992-Dodge,1992-dodge
1992,Ford,1992-Ford,1992-ford
1992,Geo,1992-Geo,1992-geo
1992,GMC,1992-GMC,1992-gmc
1992,Isuzu,1992-Isuzu,1992-isuzu
1992,Jeep,1992-Jeep,1992-jeep
1992,Laforza,1992-Laforza,1992-laforza
1992,Lamborghini,1992-Lamborghini,1992-lamborghini
1992,Land Rover,1992-Land Rover,1992-land rover
1992,Mazda,1992-Mazda,1992-mazda
1992,Mitsubishi,1992-Mitsubishi,1992-mitsubishi
1992,Nissan,1992-Nissan,1992-nissan
1992,Oldsmobile,1992-Oldsmobile,1992-oldsmobile
1992,Suzuki,1992-Suzuki,1992-suzuki
1992,Toyota,1992-Toyota,1992-toyota
1992,Utilimaster,1992-Utilimaster,1992-utilimaster
1991,Chevrolet,1991-Chevrolet,1991-chevrolet
1991,Daihatsu,1991-Daihatsu,1991-daihatsu
1991,Dodge,1991-Dodge,1991-dodge
1991,Ford,1991-Ford,1991-ford
1991,Geo,1991-Geo,1991-geo
1991,GMC,1991-GMC,1991-gmc
1991,Isuzu,1991-Isuzu,1991-isuzu
1991,Jeep,1991-Jeep,1991-jeep
1991,Laforza,1991-Laforza,1991-laforza
1991,Lamborghini,1991-Lamborghini,1991-lamborghini
1991,Land Rover,1991-Land Rover,1991-land rover
1991,Mazda,1991-Mazda,1991-mazda
1991,Mitsubishi,1991-Mitsubishi,1991-mitsubishi
1991,Nissan,1991-Nissan,1991-nissan
1991,Oldsmobile,1991-Oldsmobile,1991-oldsmobile
1991,Suzuki,1991-Suzuki,1991-suzuki
1991,Toyota,1991-Toyota,1991-toyota
1991,Utilimaster,1991-Utilimaster,1991-utilimaster
1990,Chevrolet,1990-Chevrolet,1990-chevrolet
1990,Daihatsu,1990-Daihatsu,1990-daihatsu
1990,Dodge,1990-Dodge,1990-dodge
1990,Ford,1990-Ford,1990-ford
1990,Geo,1990-Geo,1990-geo
1990,GMC,1990-GMC,1990-gmc
1990,Isuzu,1990-Isuzu,1990-isuzu
1990,Jeep,1990-Jeep,1990-jeep
1990,Laforza,1990-Laforza,1990-laforza
1990,Lamborghini,1990-Lamborghini,1990-lamborghini
1990,Land Rover,1990-Land Rover,1990-land rover
1990,Mazda,1990-Mazda,1990-mazda
1990,Mitsubishi,1990-Mitsubishi,1990-mitsubishi
1990,Nissan,1990-Nissan,1990-nissan
1990,Suzuki,1990-Suzuki,1990-suzuki
1990,Toyota,1990-Toyota,1990-toyota
1990,Utilimaster,1990-Utilimaster,1990-utilimaster
1989,Chevrolet,1989-Chevrolet,1989-chevrolet
1989,Dodge,1989-Dodge,1989-dodge
1989,Ford,1989-Ford,1989-ford
1989,Geo,1989-Geo,1989-geo
1989,GMC,1989-GMC,1989-gmc
1989,Isuzu,1989-Isuzu,1989-isuzu
1989,Jeep,1989-Jeep,1989-jeep
1989,Laforza,1989-Laforza,1989-laforza
1989,Lamborghini,1989-Lamborghini,1989-lamborghini
1989,Land Rover,1989-Land Rover,1989-land rover
1989,Mazda,1989-Mazda,1989-mazda
1989,Mitsubishi,1989-Mitsubishi,1989-mitsubishi
1989,Nissan,1989-Nissan,1989-nissan
1989,Suzuki,1989-Suzuki,1989-suzuki
1989,Toyota,1989-Toyota,1989-toyota
1989,Utilimaster,1989-Utilimaster,1989-utilimaster
1988,Chevrolet,1988-Chevrolet,1988-chevrolet
1988,Dodge,1988-Dodge,1988-dodge
1988,Ford,1988-Ford,1988-ford
1988,GMC,1988-GMC,1988-gmc
1988,Isuzu,1988-Isuzu,1988-isuzu
1988,Jeep,1988-Jeep,1988-jeep
1988,Lamborghini,1988-Lamborghini,1988-lamborghini
1988,Land Rover,1988-Land Rover,1988-land rover
1988,Mazda,1988-Mazda,1988-mazda
1988,Mitsubishi,1988-Mitsubishi,1988-mitsubishi
1988,Nissan,1988-Nissan,1988-nissan
1988,Suzuki,1988-Suzuki,1988-suzuki
1988,Toyota,1988-Toyota,1988-toyota
1987,Chevrolet,1987-Chevrolet,1987-chevrolet
1987,Dodge,1987-Dodge,1987-dodge
1987,Ford,1987-Ford,1987-ford
1987,GMC,1987-GMC,1987-gmc
1987,Isuzu,1987-Isuzu,1987-isuzu
1987,Jeep,1987-Jeep,1987-jeep
1987,Lamborghini,1987-Lamborghini,1987-lamborghini
1987,Land Rover,1987-Land Rover,1987-land rover
1987,Mazda,1987-Mazda,1987-mazda
1987,Mitsubishi,1987-Mitsubishi,1987-mitsubishi
1987,Nissan,1987-Nissan,1987-nissan
1987,Subaru,1987-Subaru,1987-subaru
1987,Suzuki,1987-Suzuki,1987-suzuki
1987,Toyota,1987-Toyota,1987-toyota
1986,Chevrolet,1986-Chevrolet,1986-chevrolet
1986,Dodge,1986-Dodge,1986-dodge
1986,Ford,1986-Ford,1986-ford
1986,GMC,1986-GMC,1986-gmc
1986,Isuzu,1986-Isuzu,1986-isuzu
1986,Jeep,1986-Jeep,1986-jeep
1986,Lamborghini,1986-Lamborghini,1986-lamborghini
1986,Mazda,1986-Mazda,1986-mazda
1986,Mitsubishi,1986-Mitsubishi,1986-mitsubishi
1986,Nissan,1986-Nissan,1986-nissan
1986,Subaru,1986-Subaru,1986-subaru
1986,Suzuki,1986-Suzuki,1986-suzuki
1986,Toyota,1986-Toyota,1986-toyota
1985,Chevrolet,1985-Chevrolet,1985-chevrolet
1985,Dodge,1985-Dodge,1985-dodge
1985,Ford,1985-Ford,1985-ford
1985,GMC,1985-GMC,1985-gmc
1985,Isuzu,1985-Isuzu,1985-isuzu
1985,Jeep,1985-Jeep,1985-jeep
1985,Mitsubishi,1985-Mitsubishi,1985-mitsubishi
1985,Nissan,1985-Nissan,1985-nissan
1985,Subaru,1985-Subaru,1985-subaru
1985,Suzuki,1985-Suzuki,1985-suzuki
1985,Toyota,1985-Toyota,1985-toyota
1984,Chevrolet,1984-Chevrolet,1984-chevrolet
1984,Dodge,1984-Dodge,1984-dodge
1984,Ford,1984-Ford,1984-ford
1984,GMC,1984-GMC,1984-gmc
1984,Isuzu,1984-Isuzu,1984-isuzu
1984,Jeep,1984-Jeep,1984-jeep
1984,Mazda,1984-Mazda,1984-mazda
1984,Mitsubishi,1984-Mitsubishi,1984-mitsubishi
1984,Nissan,1984-Nissan,1984-nissan
1984,Subaru,1984-Subaru,1984-subaru
1984,Toyota,1984-Toyota,1984-toyota
1983,Chevrolet,1983-Chevrolet,1983-chevrolet
1983,Dodge,1983-Dodge,1983-dodge
1983,Ford,1983-Ford,1983-ford
1983,GMC,1983-GMC,1983-gmc
1983,Isuzu,1983-Isuzu,1983-isuzu
1983,Jeep,1983-Jeep,1983-jeep
1983,Mazda,1983-Mazda,1983-mazda
1983,Mitsubishi,1983-Mitsubishi,1983-mitsubishi
1983,Nissan,1983-Nissan,1983-nissan
1983,Subaru,1983-Subaru,1983-subaru
1983,Toyota,1983-Toyota,1983-toyota
1983,Volkswagen,1983-Volkswagen,1983-volkswagen
1982,Chevrolet,1982-Chevrolet,1982-chevrolet
1982,Dodge,1982-Dodge,1982-dodge
1982,Ford,1982-Ford,1982-ford
1982,GMC,1982-GMC,1982-gmc
1982,Isuzu,1982-Isuzu,1982-isuzu
1982,Jeep,1982-Jeep,1982-jeep
1982,Mazda,1982-Mazda,1982-mazda
1982,Nissan,1982-Nissan,1982-nissan
1982,Plymouth,1982-Plymouth,1982-plymouth
1982,Subaru,1982-Subaru,1982-subaru
1982,Toyota,1982-Toyota,1982-toyota
1982,Volkswagen,1982-Volkswagen,1982-volkswagen
1981,Chevrolet,1981-Chevrolet,1981-chevrolet
1981,Dodge,1981-Dodge,1981-dodge
1981,Ford,1981-Ford,1981-ford
1981,GMC,1981-GMC,1981-gmc
1981,Isuzu,1981-Isuzu,1981-isuzu
1981,Jeep,1981-Jeep,1981-jeep
1981,Mazda,1981-Mazda,1981-mazda
1981,Nissan,1981-Nissan,1981-nissan
1981,Plymouth,1981-Plymouth,1981-plymouth
1981,Subaru,1981-Subaru,1981-subaru
1981,Toyota,1981-Toyota,1981-toyota
1981,Volkswagen,1981-Volkswagen,1981-volkswagen
1980,Chevrolet,1980-Chevrolet,1980-chevrolet
1980,Dodge,1980-Dodge,1980-dodge
1980,Ford,1980-Ford,1980-ford
1980,GMC,1980-GMC,1980-gmc
1980,International,1980-International,1980-international
1980,Jeep,1980-Jeep,1980-jeep
1980,Mazda,1980-Mazda,1980-mazda
1980,Nissan,1980-Nissan,1980-nissan
1980,Plymouth,1980-Plymouth,1980-plymouth
1980,Subaru,1980-Subaru,1980-subaru
1980,Toyota,1980-Toyota,1980-toyota
1980,Volkswagen,1980-Volkswagen,1980-volkswagen
1979,Chevrolet,1979-Chevrolet,1979-chevrolet
1979,Dodge,1979-Dodge,1979-dodge
1979,Ford,1979-Ford,1979-ford
1979,GMC,1979-GMC,1979-gmc
1979,International,1979-International,1979-international
1979,Jeep,1979-Jeep,1979-jeep
1979,Mazda,1979-Mazda,1979-mazda
1979,Nissan,1979-Nissan,1979-nissan
1979,Plymouth,1979-Plymouth,1979-plymouth
1979,Subaru,1979-Subaru,1979-subaru
1979,Toyota,1979-Toyota,1979-toyota
1978,Chevrolet,1978-Chevrolet,1978-chevrolet
1978,Dodge,1978-Dodge,1978-dodge
1978,Ford,1978-Ford,1978-ford
1978,GMC,1978-GMC,1978-gmc
1978,International,1978-International,1978-international
1978,Jeep,1978-Jeep,1978-jeep
1978,Mazda,1978-Mazda,1978-mazda
1978,Nissan,1978-Nissan,1978-nissan
1978,Plymouth,1978-Plymouth,1978-plymouth
1978,Subaru,1978-Subaru,1978-subaru
1978,Toyota,1978-Toyota,1978-toyota
1977,Chevrolet,1977-Chevrolet,1977-chevrolet
1977,Dodge,1977-Dodge,1977-dodge
1977,Ford,1977-Ford,1977-ford
1977,GMC,1977-GMC,1977-gmc
1977,International,1977-International,1977-international
1977,Jeep,1977-Jeep,1977-jeep
1977,Mazda,1977-Mazda,1977-mazda
1977,Nissan,1977-Nissan,1977-nissan
1977,Plymouth,1977-Plymouth,1977-plymouth
1977,Toyota,1977-Toyota,1977-toyota
1976,Chevrolet,1976-Chevrolet,1976-chevrolet
1976,Dodge,1976-Dodge,1976-dodge
1976,Ford,1976-Ford,1976-ford
1976,GMC,1976-GMC,1976-gmc
1976,International,1976-International,1976-international
1976,Jeep,1976-Jeep,1976-jeep
1976,Mazda,1976-Mazda,1976-mazda
1976,Nissan,1976-Nissan,1976-nissan
1976,Plymouth,1976-Plymouth,1976-plymouth
1976,Toyota,1976-Toyota,1976-toyota
1975,Chevrolet,1975-Chevrolet,1975-chevrolet
1975,Dodge,1975-Dodge,1975-dodge
1975,Ford,1975-Ford,1975-ford
1975,GMC,1975-GMC,1975-gmc
1975,International,1975-International,1975-international
1975,Jeep,1975-Jeep,1975-jeep
1975,Mazda,1975-Mazda,1975-mazda
1975,Nissan,1975-Nissan,1975-nissan
1975,Plymouth,1975-Plymouth,1975-plymouth
1975,Toyota,1975-Toyota,1975-toyota
1974,AM General,1974-AM General,1974-am general
1974,Chevrolet,1974-Chevrolet,1974-chevrolet
1974,Dodge,1974-Dodge,1974-dodge
1974,Ford,1974-Ford,1974-ford
1974,GMC,1974-GMC,1974-gmc
1974,International,1974-International,1974-international
1974,Jeep,1974-Jeep,1974-jeep
1974,Land Rover,1974-Land Rover,1974-land rover
1974,Mazda,1974-Mazda,1974-mazda
1974,Nissan,1974-Nissan,1974-nissan
1974,Plymouth,1974-Plymouth,1974-plymouth
1974,Toyota,1974-Toyota,1974-toyota
1973,AM General,1973-AM General,1973-am general
1973,Chevrolet,1973-Chevrolet,1973-chevrolet
1973,Dodge,1973-Dodge,1973-dodge
1973,Ford,1973-Ford,1973-ford
1973,GMC,1973-GMC,1973-gmc
1973,International,1973-International,1973-international
1973,Jeep,1973-Jeep,1973-jeep
1973,Land Rover,1973-Land Rover,1973-land rover
1973,Mazda,1973-Mazda,1973-mazda
1973,Nissan,1973-Nissan,1973-nissan
1973,Toyota,1973-Toyota,1973-toyota
1972,AM General,1972-AM General,1972-am general
1972,Chevrolet,1972-Chevrolet,1972-chevrolet
1972,Dodge,1972-Dodge,1972-dodge
1972,Ford,1972-Ford,1972-ford
1972,GMC,1972-GMC,1972-gmc
1972,International,1972-International,1972-international
1972,Jeep,1972-Jeep,1972-jeep
1972,Land Rover,1972-Land Rover,1972-land rover
1972,Mazda,1972-Mazda,1972-mazda
1972,Nissan,1972-Nissan,1972-nissan
1972,Toyota,1972-Toyota,1972-toyota
1971,AM General,1971-AM General,1971-am general
1971,Chevrolet,1971-Chevrolet,1971-chevrolet
1971,Dodge,1971-Dodge,1971-dodge
1971,Ford,1971-Ford,1971-ford
1971,GMC,1971-GMC,1971-gmc
1971,International,1971-International,1971-international
1971,Jeep,1971-Jeep,1971-jeep
1971,Land Rover,1971-Land Rover,1971-land rover
1971,Nissan,1971-Nissan,1971-nissan
1971,Toyota,1971-Toyota,1971-toyota
1970,AM General,1970-AM General,1970-am general
1970,Chevrolet,1970-Chevrolet,1970-chevrolet
1970,Dodge,1970-Dodge,1970-dodge
1970,Ford,1970-Ford,1970-ford
1970,GMC,1970-GMC,1970-gmc
1970,International,1970-International,1970-international
1970,Jeep,1970-Jeep,1970-jeep
1970,Land Rover,1970-Land Rover,1970-land rover
1970,Nissan,1970-Nissan,1970-nissan
1970,Toyota,1970-Toyota,1970-toyota
1969,AM General,1969-AM General,1969-am general
1969,Chevrolet,1969-Chevrolet,1969-chevrolet
1969,Dodge,1969-Dodge,1969-dodge
1969,Ford,1969-Ford,1969-ford
1969,GMC,1969-GMC,1969-gmc
1969,International,1969-International,1969-international
1969,Jeep,1969-Jeep,1969-jeep
1969,Land Rover,1969-Land Rover,1969-land rover
1969,Nissan,1969-Nissan,1969-nissan
1969,Toyota,1969-Toyota,1969-toyota
1968,Chevrolet,1968-Chevrolet,1968-chevrolet
1968,Dodge,1968-Dodge,1968-dodge
1968,Ford,1968-Ford,1968-ford
1968,GMC,1968-GMC,1968-gmc
1968,International,1968-International,1968-international
1968,Jeep,1968-Jeep,1968-jeep
1968,Land Rover,1968-Land Rover,1968-land rover
1968,Nissan,1968-Nissan,1968-nissan
1968,Toyota,1968-Toyota,1968-toyota
1967,Chevrolet,1967-Chevrolet,1967-chevrolet
1967,Dodge,1967-Dodge,1967-dodge
1967,Ford,1967-Ford,1967-ford
1967,GMC,1967-GMC,1967-gmc
1967,International,1967-International,1967-international
1967,Jeep,1967-Jeep,1967-jeep
1967,Land Rover,1967-Land Rover,1967-land rover
1967,Nissan,1967-Nissan,1967-nissan
1967,Toyota,1967-Toyota,1967-toyota
1966,Chevrolet,1966-Chevrolet,1966-chevrolet
1966,Dodge,1966-Dodge,1966-dodge
1966,Ford,1966-Ford,1966-ford
1966,GMC,1966-GMC,1966-gmc
1966,International,1966-International,1966-international
1966,Jeep,1966-Jeep,1966-jeep
1966,Land Rover,1966-Land Rover,1966-land rover
1966,Nissan,1966-Nissan,1966-nissan
1966,Toyota,1966-Toyota,1966-toyota
1965,Chevrolet,1965-Chevrolet,1965-chevrolet
1965,Dodge,1965-Dodge,1965-dodge
1965,Ford,1965-Ford,1965-ford
1965,GMC,1965-GMC,1965-gmc
1965,International,1965-International,1965-international
1965,Jeep,1965-Jeep,1965-jeep
1965,Land Rover,1965-Land Rover,1965-land rover
1965,Nissan,1965-Nissan,1965-nissan
1965,Toyota,1965-Toyota,1965-toyota
1964,Chevrolet,1964-Chevrolet,1964-chevrolet
1964,Dodge,1964-Dodge,1964-dodge
1964,Ford,1964-Ford,1964-ford
1964,GMC,1964-GMC,1964-gmc
1964,International,1964-International,1964-international
1964,Jeep,1964-Jeep,1964-jeep
1964,Land Rover,1964-Land Rover,1964-land rover
1964,Nissan,1964-Nissan,1964-nissan
1964,Studebaker,1964-Studebaker,1964-studebaker
1964,Toyota,1964-Toyota,1964-toyota
1963,Chevrolet,1963-Chevrolet,1963-chevrolet
1963,Dodge,1963-Dodge,1963-dodge
1963,Ford,1963-Ford,1963-ford
1963,GMC,1963-GMC,1963-gmc
1963,International,1963-International,1963-international
1963,Jeep,1963-Jeep,1963-jeep
1963,Land Rover,1963-Land Rover,1963-land rover
1963,Nissan,1963-Nissan,1963-nissan
1963,Studebaker,1963-Studebaker,1963-studebaker
1963,Toyota,1963-Toyota,1963-toyota
1962,Chevrolet,1962-Chevrolet,1962-chevrolet
1962,Dodge,1962-Dodge,1962-dodge
1962,Ford,1962-Ford,1962-ford
1962,GMC,1962-GMC,1962-gmc
1962,International,1962-International,1962-international
1962,Jeep,1962-Jeep,1962-jeep
1962,Land Rover,1962-Land Rover,1962-land rover
1962,Nissan,1962-Nissan,1962-nissan
1962,Studebaker,1962-Studebaker,1962-studebaker
1962,Toyota,1962-Toyota,1962-toyota
1961,Chevrolet,1961-Chevrolet,1961-chevrolet
1961,Dodge,1961-Dodge,1961-dodge
1961,Ford,1961-Ford,1961-ford
1961,GMC,1961-GMC,1961-gmc
1961,International,1961-International,1961-international
1961,Jeep,1961-Jeep,1961-jeep
1961,Land Rover,1961-Land Rover,1961-land rover
1961,Nissan,1961-Nissan,1961-nissan
1961,Studebaker,1961-Studebaker,1961-studebaker
1961,Toyota,1961-Toyota,1961-toyota
1960,Chevrolet,1960-Chevrolet,1960-chevrolet
1960,Dodge,1960-Dodge,1960-dodge
1960,Ford,1960-Ford,1960-ford
1960,GMC,1960-GMC,1960-gmc
1960,International,1960-International,1960-international
1960,Jeep,1960-Jeep,1960-jeep
1960,Land Rover,1960-Land Rover,1960-land rover
1960,Studebaker,1960-Studebaker,1960-studebaker
1960,Toyota,1960-Toyota,1960-toyota
1959,Chevrolet,1959-Chevrolet,1959-chevrolet
1959,Dodge,1959-Dodge,1959-dodge
1959,Ford,1959-Ford,1959-ford
1959,GMC,1959-GMC,1959-gmc
1959,International,1959-International,1959-international
1959,Jeep,1959-Jeep,1959-jeep
1959,Land Rover,1959-Land Rover,1959-land rover
1959,Studebaker,1959-Studebaker,1959-studebaker
1958,Chevrolet,1958-Chevrolet,1958-chevrolet
1958,Dodge,1958-Dodge,1958-dodge
1958,Ford,1958-Ford,1958-ford
1958,GMC,1958-GMC,1958-gmc
1958,International,1958-International,1958-international
1958,Jeep,1958-Jeep,1958-jeep
1958,Land Rover,1958-Land Rover,1958-land rover
1958,Studebaker,1958-Studebaker,1958-studebaker
1957,Chevrolet,1957-Chevrolet,1957-chevrolet
1957,Dodge,1957-Dodge,1957-dodge
1957,Ford,1957-Ford,1957-ford
1957,GMC,1957-GMC,1957-gmc
1957,International,1957-International,1957-international
1957,Jeep,1957-Jeep,1957-jeep
1957,Land Rover,1957-Land Rover,1957-land rover
1957,Studebaker,1957-Studebaker,1957-studebaker
1956,Chevrolet,1956-Chevrolet,1956-chevrolet
1956,Dodge,1956-Dodge,1956-dodge
1956,Ford,1956-Ford,1956-ford
1956,GMC,1956-GMC,1956-gmc
1956,International,1956-International,1956-international
1956,Jeep,1956-Jeep,1956-jeep
1956,Land Rover,1956-Land Rover,1956-land rover
1956,Studebaker,1956-Studebaker,1956-studebaker
1955,Chevrolet,1955-Chevrolet,1955-chevrolet
1955,Dodge,1955-Dodge,1955-dodge
1955,Ford,1955-Ford,1955-ford
1955,GMC,1955-GMC,1955-gmc
1955,International,1955-International,1955-international
1955,Jeep,1955-Jeep,1955-jeep
1955,Land Rover,1955-Land Rover,1955-land rover
1955,Studebaker,1955-Studebaker,1955-studebaker
1955,Willys,1955-Willys,1955-willys
1954,Chevrolet,1954-Chevrolet,1954-chevrolet
1954,Dodge,1954-Dodge,1954-dodge
1954,Ford,1954-Ford,1954-ford
1954,GMC,1954-GMC,1954-gmc
1954,International,1954-International,1954-international
1954,Jeep,1954-Jeep,1954-jeep
1954,Land Rover,1954-Land Rover,1954-land rover
1954,Studebaker,1954-Studebaker,1954-studebaker
1954,Willys,1954-Willys,1954-willys
1953,Chevrolet,1953-Chevrolet,1953-chevrolet
1953,Dodge,1953-Dodge,1953-dodge
1953,Ford,1953-Ford,1953-ford
1953,GMC,1953-GMC,1953-gmc
1953,International,1953-International,1953-international
1953,Jeep,1953-Jeep,1953-jeep
1953,Land Rover,1953-Land Rover,1953-land rover
1953,Studebaker,1953-Studebaker,1953-studebaker
1953,Willys,1953-Willys,1953-willys
1952,Chevrolet,1952-Chevrolet,1952-chevrolet
1952,Crosley,1952-Crosley,1952-crosley
1952,Dodge,1952-Dodge,1952-dodge
1952,Ford,1952-Ford,1952-ford
1952,GMC,1952-GMC,1952-gmc
1952,International,1952-International,1952-international
1952,Jeep,1952-Jeep,1952-jeep
1952,Land Rover,1952-Land Rover,1952-land rover
1952,Studebaker,1952-Studebaker,1952-studebaker
1952,Willys,1952-Willys,1952-willys
1951,Chevrolet,1951-Chevrolet,1951-chevrolet
1951,Crosley,1951-Crosley,1951-crosley
1951,Dodge,1951-Dodge,1951-dodge
1951,Ford,1951-Ford,1951-ford
1951,GMC,1951-GMC,1951-gmc
1951,International,1951-International,1951-international
1951,Jeep,1951-Jeep,1951-jeep
1951,Land Rover,1951-Land Rover,1951-land rover
1951,Studebaker,1951-Studebaker,1951-studebaker
1951,Willys,1951-Willys,1951-willys
1950,Chevrolet,1950-Chevrolet,1950-chevrolet
1950,Crosley,1950-Crosley,1950-crosley
1950,Dodge,1950-Dodge,1950-dodge
1950,Ford,1950-Ford,1950-ford
1950,GMC,1950-GMC,1950-gmc
1950,International,1950-International,1950-international
1950,Jeep,1950-Jeep,1950-jeep
1950,Land Rover,1950-Land Rover,1950-land rover
1950,Studebaker,1950-Studebaker,1950-studebaker
1950,Willys,1950-Willys,1950-willys
1949,Chevrolet,1949-Chevrolet,1949-chevrolet
1949,Crosley,1949-Crosley,1949-crosley
1949,Dodge,1949-Dodge,1949-dodge
1949,Ford,1949-Ford,1949-ford
1949,GMC,1949-GMC,1949-gmc
1949,Jeep,1949-Jeep,1949-jeep
1949,Land Rover,1949-Land Rover,1949-land rover
1949,Studebaker,1949-Studebaker,1949-studebaker
1949,Willys,1949-Willys,1949-willys
1948,Chevrolet,1948-Chevrolet,1948-chevrolet
1948,Crosley,1948-Crosley,1948-crosley
1948,Dodge,1948-Dodge,1948-dodge
1948,Ford,1948-Ford,1948-ford
1948,GMC,1948-GMC,1948-gmc
1948,Jeep,1948-Jeep,1948-jeep
1948,Land Rover,1948-Land Rover,1948-land rover
1948,Studebaker,1948-Studebaker,1948-studebaker
1948,Willys,1948-Willys,1948-willys
1947,Chevrolet,1947-Chevrolet,1947-chevrolet
1947,Crosley,1947-Crosley,1947-crosley
1947,Dodge,1947-Dodge,1947-dodge
1947,Ford,1947-Ford,1947-ford
1947,GMC,1947-GMC,1947-gmc
1947,Hudson,1947-Hudson,1947-hudson
1947,Jeep,1947-Jeep,1947-jeep
1947,Studebaker,1947-Studebaker,1947-studebaker
1947,Willys,1947-Willys,1947-willys
1946,Chevrolet,1946-Chevrolet,1946-chevrolet
1946,Dodge,1946-Dodge,1946-dodge
1946,Ford,1946-Ford,1946-ford
1946,GMC,1946-GMC,1946-gmc
1946,Hudson,1946-Hudson,1946-hudson
1946,Jeep,1946-Jeep,1946-jeep
1946,Studebaker,1946-Studebaker,1946-studebaker
1946,Willys,1946-Willys,1946-willys
1945,Chevrolet,1945-Chevrolet,1945-chevrolet
1945,Dodge,1945-Dodge,1945-dodge
1945,Ford,1945-Ford,1945-ford
1945,GMC,1945-GMC,1945-gmc
1945,Jeep,1945-Jeep,1945-jeep
1945,Studebaker,1945-Studebaker,1945-studebaker
1945,Willys,1945-Willys,1945-willys
1944,Chevrolet,1944-Chevrolet,1944-chevrolet
1944,Dodge,1944-Dodge,1944-dodge
1944,Ford,1944-Ford,1944-ford
1944,GMC,1944-GMC,1944-gmc
1944,Jeep,1944-Jeep,1944-jeep
1944,Studebaker,1944-Studebaker,1944-studebaker
1943,Chevrolet,1943-Chevrolet,1943-chevrolet
1943,Dodge,1943-Dodge,1943-dodge
1943,Ford,1943-Ford,1943-ford
1943,GMC,1943-GMC,1943-gmc
1943,Jeep,1943-Jeep,1943-jeep
1943,Studebaker,1943-Studebaker,1943-studebaker
1943,Willys,1943-Willys,1943-willys
1942,Chevrolet,1942-Chevrolet,1942-chevrolet
1942,Dodge,1942-Dodge,1942-dodge
1942,Ford,1942-Ford,1942-ford
1942,GMC,1942-GMC,1942-gmc
1942,Studebaker,1942-Studebaker,1942-studebaker
1942,Willys,1942-Willys,1942-willys
1941,Chevrolet,1941-Chevrolet,1941-chevrolet
1941,Dodge,1941-Dodge,1941-dodge
1941,Ford,1941-Ford,1941-ford
1941,GMC,1941-GMC,1941-gmc
1941,Studebaker,1941-Studebaker,1941-studebaker
1941,Willys,1941-Willys,1941-willys
1940,Chevrolet,1940-Chevrolet,1940-chevrolet
1940,Dodge,1940-Dodge,1940-dodge
1940,Fargo,1940-Fargo,1940-fargo
1940,Ford,1940-Ford,1940-ford
1940,GMC,1940-GMC,1940-gmc
1940,Willys,1940-Willys,1940-willys
1939,Chevrolet,1939-Chevrolet,1939-chevrolet
1939,Dodge,1939-Dodge,1939-dodge
1939,Fargo,1939-Fargo,1939-fargo
1939,Ford,1939-Ford,1939-ford
1939,GMC,1939-GMC,1939-gmc
1939,Studebaker,1939-Studebaker,1939-studebaker
1939,Willys,1939-Willys,1939-willys
1938,Chevrolet,1938-Chevrolet,1938-chevrolet
1938,Dodge,1938-Dodge,1938-dodge
1938,Ford,1938-Ford,1938-ford
1938,GMC,1938-GMC,1938-gmc
1938,Plymouth,1938-Plymouth,1938-plymouth
1938,Studebaker,1938-Studebaker,1938-studebaker
1938,Willys,1938-Willys,1938-willys
1937,Chevrolet,1937-Chevrolet,1937-chevrolet
1937,Dodge,1937-Dodge,1937-dodge
1937,Ford,1937-Ford,1937-ford
1937,GMC,1937-GMC,1937-gmc
1937,Plymouth,1937-Plymouth,1937-plymouth
1937,Studebaker,1937-Studebaker,1937-studebaker
1936,Chevrolet,1936-Chevrolet,1936-chevrolet
1936,Dodge,1936-Dodge,1936-dodge
1936,Fargo,1936-Fargo,1936-fargo
1936,Ford,1936-Ford,1936-ford
1936,GMC,1936-GMC,1936-gmc
1935,Chevrolet,1935-Chevrolet,1935-chevrolet
1935,Dodge,1935-Dodge,1935-dodge
1935,Ford,1935-Ford,1935-ford
1935,GMC,1935-GMC,1935-gmc
1934,Chevrolet,1934-Chevrolet,1934-chevrolet
1934,Dodge,1934-Dodge,1934-dodge
1934,Ford,1934-Ford,1934-ford
1933,Chevrolet,1933-Chevrolet,1933-chevrolet
1933,Dodge,1933-Dodge,1933-dodge
1933,Ford,1933-Ford,1933-ford
1932,Chevrolet,1932-Chevrolet,1932-chevrolet
1932,Ford,1932-Ford,1932-ford
1931,Chevrolet,1931-Chevrolet,1931-chevrolet
1931,Ford,1931-Ford,1931-ford
1930,Chevrolet,1930-Chevrolet,1930-chevrolet
1930,Ford,1930-Ford,1930-ford
1929,Chevrolet,1929-Chevrolet,1929-chevrolet
1929,Ford,1929-Ford,1929-ford
1928,Chevrolet,1928-Chevrolet,1928-chevrolet
1928,Ford,1928-Ford,1928-ford
1927,Chevrolet,1927-Chevrolet,1927-chevrolet
1927,Ford,1927-Ford,1927-ford
1926,Chevrolet,1926-Chevrolet,1926-chevrolet
1926,Ford,1926-Ford,1926-ford
1926,Willys,1926-Willys,1926-willys
1925,Chevrolet,1925-Chevrolet,1925-chevrolet
1925,Ford,1925-Ford,1925-ford
1925,Willys,1925-Willys,1925-willys
1924,Chevrolet,1924-Chevrolet,1924-chevrolet
1924,Ford,1924-Ford,1924-ford
1924,Willys,1924-Willys,1924-willys
1923,Chevrolet,1923-Chevrolet,1923-chevrolet
1923,Ford,1923-Ford,1923-ford
1923,Pierce-Arrow,1923-Pierce-Arrow,1923-pierce-arrow
1923,Willys,1923-Willys,1923-willys
1922,Chevrolet,1922-Chevrolet,1922-chevrolet
1922,Ford,1922-Ford,1922-ford
1922,Pierce-Arrow,1922-Pierce-Arrow,1922-pierce-arrow
1922,Willys,1922-Willys,1922-willys
1921,Chevrolet,1921-Chevrolet,1921-chevrolet
1921,Ford,1921-Ford,1921-ford
1921,Pierce-Arrow,1921-Pierce-Arrow,1921-pierce-arrow
1921,Willys,1921-Willys,1921-willys
1920,Ford,1920-Ford,1920-ford
1920,Pierce-Arrow,1920-Pierce-Arrow,1920-pierce-arrow
1920,Willys,1920-Willys,1920-willys
1919,Ford,1919-Ford,1919-ford
1919,Velie,1919-Velie,1919-velie
1919,Willys,1919-Willys,1919-willys
1918,Ford,1918-Ford,1918-ford
1918,Locomobile,1918-Locomobile,1918-locomobile
1918,Pierce-Arrow,1918-Pierce-Arrow,1918-pierce-arrow
1918,Velie,1918-Velie,1918-velie
1918,Willys,1918-Willys,1918-willys
1917,Ford,1917-Ford,1917-ford
1917,Locomobile,1917-Locomobile,1917-locomobile
1917,Pierce-Arrow,1917-Pierce-Arrow,1917-pierce-arrow
1917,Willys,1917-Willys,1917-willys
1916,Ford,1916-Ford,1916-ford
1916,Locomobile,1916-Locomobile,1916-locomobile
1916,Oakland,1916-Oakland,1916-oakland
1916,Willys,1916-Willys,1916-willys
1915,Ford,1915-Ford,1915-ford
1915,Locomobile,1915-Locomobile,1915-locomobile
1915,Oakland,1915-Oakland,1915-oakland
1915,Willys,1915-Willys,1915-willys
1914,Ford,1914-Ford,1914-ford
1914,Locomobile,1914-Locomobile,1914-locomobile
1914,Willys,1914-Willys,1914-willys
1913,Ford,1913-Ford,1913-ford
1913,International,1913-International,1913-international
1913,Locomobile,1913-Locomobile,1913-locomobile
1913,Willys,1913-Willys,1913-willys
1912,Ford,1912-Ford,1912-ford
1912,Willys,1912-Willys,1912-willys
1911,Ford,1911-Ford,1911-ford
1911,Willys,1911-Willys,1911-willys
1910,Ford,1910-Ford,1910-ford
1909,Ford,1909-Ford,1909-ford
1907,International,1907-International,1907-international