"Term ID","Term Permalink","Term Name","Term Slug",Description,"Parent ID","Parent Name","Parent Slug",Count,"Image URL",product_group_id,product_group_name,category_id,category_name,subcategory_id,subcategory_name,part_type_id,part_type_name,subpart_id,suppart_name,short_description,long_description,turn_off_subcategories_products,category_image
1,http://transamericanautoparts.local/category/uncategorized/,Uncategorized,uncategorized,,0,,,1,,,,,,,,,,,,,,,
5,http://transamericanautoparts.local/category/suspension/,Suspension,suspension,,0,,,1,,,,,,,,,,,,,,,
6,http://transamericanautoparts.local/category/lift-kits/,"Lift Kits",lift-kits,,5,Suspension,suspension,1,,,,,,,,,,,,,,,
33,http://transamericanautoparts.local/category/air-tank/,"Air Tank",air-tank,,306,"Air Compressors, Air Tanks &amp; Air Accessories",air-compressors-air-tanks-air-accessories,0,,,,4wp-us-C89,"Air Compressors, Air Tanks & Air Accessories",4wp-us-SC567,,,,,,,,,
34,http://transamericanautoparts.local/category/compressed-air-tank-accessories/,"Compressed Air Tank Accessories",compressed-air-tank-accessories,,306,"Air Compressors, Air Tanks &amp; Air Accessories",air-compressors-air-tanks-air-accessories,0,,,,4wp-us-C89,"Air Compressors, Air Tanks & Air Accessories",4wp-us-SC569,,,,,,,,,
35,http://transamericanautoparts.local/category/air-compressors/,"Air Compressors",air-compressors,,306,"Air Compressors, Air Tanks &amp; Air Accessories",air-compressors-air-tanks-air-accessories,0,,,,4wp-us-C89,"Air Compressors, Air Tanks & Air Accessories",4wp-us-SC566,,,,,,,,,
36,http://transamericanautoparts.local/category/air-compressor-accessories/,"Air Compressor Accessories",air-compressor-accessories,,306,"Air Compressors, Air Tanks &amp; Air Accessories",air-compressors-air-tanks-air-accessories,0,,,,4wp-us-C89,"Air Compressors, Air Tanks & Air Accessories",4wp-us-SC568,,,,,,,,,
37,http://transamericanautoparts.local/category/accessories/,Accessories,accessories,,307,"Apparel, Books &amp; DVDs",apparel-books-dvds,0,,,,4wp-us-C85,"Apparel, Books & DVDs",4wp-us-SC507,,,,,,,,0,87
38,http://transamericanautoparts.local/category/apparel/,Apparel,apparel,,307,"Apparel, Books &amp; DVDs",apparel-books-dvds,0,,,,4wp-us-C85,"Apparel, Books & DVDs",4wp-us-SC416,,,,,,,,0,88
39,http://transamericanautoparts.local/category/gift-cards-and-instant-gift-certificates/,"Gift Cards and Instant Gift Certificates",gift-cards-and-instant-gift-certificates,,307,"Apparel, Books &amp; DVDs",apparel-books-dvds,0,,,,4wp-us-C85,"Apparel, Books & DVDs",4wp-us-SC191,,,,,,,,0,87
40,http://transamericanautoparts.local/category/books-manuals-and-calendars/,"Books, Manuals and Calendars",books-manuals-and-calendars,,307,"Apparel, Books &amp; DVDs",apparel-books-dvds,0,,,,4wp-us-C85,"Apparel, Books & DVDs",4wp-us-SC434,,,,,,,,0,86
41,http://transamericanautoparts.local/category/off-road-dvds-videos/,"Off Road DVDs &amp; Videos",off-road-dvds-videos,,307,"Apparel, Books &amp; DVDs",apparel-books-dvds,0,,,,4wp-us-C85,"Apparel, Books & DVDs",4wp-us-14519,,,,,,,,0,88
42,http://transamericanautoparts.local/category/rc-trucks-collectibles/,"RC Trucks &amp; Collectibles",rc-trucks-collectibles,,307,"Apparel, Books &amp; DVDs",apparel-books-dvds,0,,,,4wp-us-C85,"Apparel, Books & DVDs",4wp-us-14594,,,,,,,,0,90
43,http://transamericanautoparts.local/category/skid-plates/,"Skid Plates",skid-plates,,308,"Armor &amp; Protection",armor-protection,0,,,,4wp-us-C79,"Armor & Protection",4wp-us-SC467,,,,,,,,,
44,http://transamericanautoparts.local/category/rock-sliders-and-guards/,"Rock Sliders and Guards",rock-sliders-and-guards,,308,"Armor &amp; Protection",armor-protection,0,,,,4wp-us-C79,"Armor & Protection",4wp-us-SC466,,,,,,,,,
45,http://transamericanautoparts.local/category/body-protection/,"Body Protection",body-protection,,308,"Armor &amp; Protection",armor-protection,0,,,,4wp-us-C79,"Armor & Protection",4wp-us-SC468,,,,,,,,,
46,http://transamericanautoparts.local/category/atv-utv-snow-plows-and-accessories/,"ATV - UTV Snow Plows and Accessories",atv-utv-snow-plows-and-accessories,,309,"ATV Parts &amp; Accessories",atv-parts-accessories,0,,,,4wp-us-C66,"ATV Parts & Accessories",cat1450344,,,,,,,,,
47,http://transamericanautoparts.local/category/atv-body-armor/,"ATV Body Armor",atv-body-armor,,309,"ATV Parts &amp; Accessories",atv-parts-accessories,0,,,,4wp-us-C66,"ATV Parts & Accessories",cat1120244,,,,,,,,,
48,http://transamericanautoparts.local/category/atv-tires/,"ATV Tires",atv-tires,,309,"ATV Parts &amp; Accessories",atv-parts-accessories,0,,,,4wp-us-C66,"ATV Parts & Accessories",4wp-us-C78,,,,,,,,,
49,http://transamericanautoparts.local/category/atv-wheels/,"ATV Wheels",atv-wheels,,309,"ATV Parts &amp; Accessories",atv-parts-accessories,0,,,,4wp-us-C66,"ATV Parts & Accessories",cat1120264,,,,,,,,,
50,http://transamericanautoparts.local/category/replacement-fenders/,"Replacement Fenders",replacement-fenders,,310,"Body Parts, Roll Cages &amp; Frames",body-parts-roll-cages-frames,0,,,,4wp-us-C81,"Body Parts, Roll Cages & Frames",4wp-us-SC522,,,,,,,,,
51,http://transamericanautoparts.local/category/body-tub-parts/,"Body Tub Parts",body-tub-parts,,310,"Body Parts, Roll Cages &amp; Frames",body-parts-roll-cages-frames,0,,,,4wp-us-C81,"Body Parts, Roll Cages & Frames",4wp-us-SC529,,,,,,,,,
52,http://transamericanautoparts.local/category/roll-cages-related-parts/,"Roll Cages &amp; Related Parts",roll-cages-related-parts,,310,"Body Parts, Roll Cages &amp; Frames",body-parts-roll-cages-frames,0,,,,4wp-us-C81,"Body Parts, Roll Cages & Frames",4wp-us-SC493,,,,,,,,,
53,http://transamericanautoparts.local/category/hoods-grilles/,"Hoods &amp; Grilles",hoods-grilles,,310,"Body Parts, Roll Cages &amp; Frames",body-parts-roll-cages-frames,0,,,,4wp-us-C81,"Body Parts, Roll Cages & Frames",4wp-us-SC526,,,,,,,,,
54,http://transamericanautoparts.local/category/frames-related-parts/,"Frames &amp; Related Parts",frames-related-parts,,310,"Body Parts, Roll Cages &amp; Frames",body-parts-roll-cages-frames,0,,,,4wp-us-C81,"Body Parts, Roll Cages & Frames",4wp-us-SC492,,,,,,,,,
55,http://transamericanautoparts.local/category/tailgate-parts/,"Tailgate Parts",tailgate-parts,,310,"Body Parts, Roll Cages &amp; Frames",body-parts-roll-cages-frames,0,,,,4wp-us-C81,"Body Parts, Roll Cages & Frames",4wp-us-SC525,,,,,,,,,
56,http://transamericanautoparts.local/category/replacement-door-parts/,"Replacement Door Parts",replacement-door-parts,,310,"Body Parts, Roll Cages &amp; Frames",body-parts-roll-cages-frames,0,,,,4wp-us-C81,"Body Parts, Roll Cages & Frames",4wp-us-SC516,,,,,,,,,
57,http://transamericanautoparts.local/category/liftgate-parts/,"Liftgate Parts",liftgate-parts,,310,"Body Parts, Roll Cages &amp; Frames",body-parts-roll-cages-frames,0,,,,4wp-us-C81,"Body Parts, Roll Cages & Frames",4wp-us-SC524,,,,,,,,,
58,http://transamericanautoparts.local/category/windshield-parts/,"Windshield Parts",windshield-parts,,310,"Body Parts, Roll Cages &amp; Frames",body-parts-roll-cages-frames,0,,,,4wp-us-C81,"Body Parts, Roll Cages & Frames",4wp-us-SC523,,,,,,,,,
59,http://transamericanautoparts.local/category/body-tub-kits/,"Body Tub Kits",body-tub-kits,,310,"Body Parts, Roll Cages &amp; Frames",body-parts-roll-cages-frames,0,,,,4wp-us-C81,"Body Parts, Roll Cages & Frames",4wp-us-SC521,,,,,,,,,
60,http://transamericanautoparts.local/category/brake-lines-fittings/,"Brake Lines &amp; Fittings",brake-lines-fittings,,311,"Brakes &amp; Steering",brakes-steering,0,,,,4wp-us-C65,"Brakes & Steering",4wp-us-SC22,,,,,,,,,
61,http://transamericanautoparts.local/category/performance-steering-upgrades/,"Performance Steering Upgrades",performance-steering-upgrades,,311,"Brakes &amp; Steering",brakes-steering,0,,,,4wp-us-C65,"Brakes & Steering",4wp-us-SC430,,,,,,,,,
62,http://transamericanautoparts.local/category/drum-brake-kits-components/,"Drum Brake Kits &amp; Components",drum-brake-kits-components,,311,"Brakes &amp; Steering",brakes-steering,0,,,,4wp-us-C65,"Brakes & Steering",4wp-us-SC542,,,,,,,,,
63,http://transamericanautoparts.local/category/hydraulic-steering/,"Hydraulic Steering",hydraulic-steering,,311,"Brakes &amp; Steering",brakes-steering,0,,,,4wp-us-C65,"Brakes & Steering",4wp-us-SC547,,,,,,,,,
64,http://transamericanautoparts.local/category/replacement-steering-components/,"Replacement Steering Components",replacement-steering-components,,311,"Brakes &amp; Steering",brakes-steering,0,,,,4wp-us-C65,"Brakes & Steering",4wp-us-SC510,,,,,,,,,
65,http://transamericanautoparts.local/category/disc-brake-kits-components/,"Disc Brake Kits &amp; Components",disc-brake-kits-components,,311,"Brakes &amp; Steering",brakes-steering,0,,,,4wp-us-C65,"Brakes & Steering",4wp-us-SC541,,,,,,,,,
66,http://transamericanautoparts.local/category/brake-pedal-components/,"Brake Pedal Components",brake-pedal-components,,311,"Brakes &amp; Steering",brakes-steering,0,,,,4wp-us-C65,"Brakes & Steering",4wp-us-SC394,,,,,,,,,
67,http://transamericanautoparts.local/category/parking-brake-kits-components/,"Parking Brake Kits &amp; Components",parking-brake-kits-components,,311,"Brakes &amp; Steering",brakes-steering,0,,,,4wp-us-C65,"Brakes & Steering",4wp-us-SC540,,,,,,,,,
68,http://transamericanautoparts.local/category/abs-brake-components/,"ABS Brake Components",abs-brake-components,,311,"Brakes &amp; Steering",brakes-steering,0,,,,4wp-us-C65,"Brakes & Steering",4wp-us-SC543,,,,,,,,,
69,http://transamericanautoparts.local/category/master-cylinder-power-brake-parts/,"Master Cylinder &amp; Power Brake Parts",master-cylinder-power-brake-parts,,311,"Brakes &amp; Steering",brakes-steering,0,,,,4wp-us-C65,"Brakes & Steering",4wp-us-SC544,,,,,,,,,
70,http://transamericanautoparts.local/category/bumpers/,Bumpers,bumpers,,312,"Bumpers, Tire Carriers &amp; Winch Mounts",bumpers-tire-carriers-winch-mounts,0,,,,4wp-us-C64,"Bumpers, Tire Carriers & Winch Mounts",cat1130347,,,,,,,,,
71,http://transamericanautoparts.local/category/brush-grille-guards/,"Brush &amp; Grille Guards",brush-grille-guards,,312,"Bumpers, Tire Carriers &amp; Winch Mounts",bumpers-tire-carriers-winch-mounts,0,,,,4wp-us-C64,"Bumpers, Tire Carriers & Winch Mounts",4wp-us-SC268,,,,,,,,,
72,http://transamericanautoparts.local/category/spare-tire-carriers-accessories/,"Spare Tire Carriers &amp; Accessories",spare-tire-carriers-accessories,,312,"Bumpers, Tire Carriers &amp; Winch Mounts",bumpers-tire-carriers-winch-mounts,0,,,,4wp-us-C64,"Bumpers, Tire Carriers & Winch Mounts",4wp-us-SC351,,,,,,,,,
73,http://transamericanautoparts.local/category/door-handle-covers/,"Door Handle Covers",door-handle-covers,,313,"Doors &amp; Door Accessories",doors-door-accessories,0,,,,4wp-us-C87,"Doors & Door Accessories",4wp-us-13736,,,,,,,,,
74,http://transamericanautoparts.local/category/door-hinges/,"Door Hinges",door-hinges,,313,"Doors &amp; Door Accessories",doors-door-accessories,0,,,,4wp-us-C87,"Doors & Door Accessories",4wp-us-1377,,,,,,,,,
75,http://transamericanautoparts.local/category/door-panel/,"Door Panel",door-panel,,313,"Doors &amp; Door Accessories",doors-door-accessories,0,,,,4wp-us-C87,"Doors & Door Accessories",4wp-us-10034,,,,,,,,,
76,http://transamericanautoparts.local/category/billet-door-surround-knobs/,"Billet Door Surround Knobs",billet-door-surround-knobs,,313,"Doors &amp; Door Accessories",doors-door-accessories,0,,,,4wp-us-C87,"Doors & Door Accessories",cat1440212,,,,,,,,,
77,http://transamericanautoparts.local/category/door-trim-panel/,"Door Trim Panel",door-trim-panel,,313,"Doors &amp; Door Accessories",doors-door-accessories,0,,,,4wp-us-C87,"Doors & Door Accessories",4wp-us-10006,,,,,,,,,
78,http://transamericanautoparts.local/category/soft-upper-half-door-bracket/,"Soft Upper Half Door Bracket",soft-upper-half-door-bracket,,313,"Doors &amp; Door Accessories",doors-door-accessories,0,,,,4wp-us-C87,"Doors & Door Accessories",cat1130163,,,,,,,,,
79,http://transamericanautoparts.local/category/door/,Door,door,,313,"Doors &amp; Door Accessories",doors-door-accessories,0,,,,4wp-us-C87,"Doors & Door Accessories",4wp-us-1376,,,,,,,,,
80,http://transamericanautoparts.local/category/door-latch-parts/,"Door Latch Parts",door-latch-parts,,313,"Doors &amp; Door Accessories",doors-door-accessories,0,,,,4wp-us-C87,"Doors & Door Accessories",4wp-us-10748,,,,,,,,,
81,http://transamericanautoparts.local/category/door-storage/,"Door Storage",door-storage,,313,"Doors &amp; Door Accessories",doors-door-accessories,0,,,,4wp-us-C87,"Doors & Door Accessories",4wp-us-15038,,,,,,,,,
82,http://transamericanautoparts.local/category/door-skin/,"Door Skin",door-skin,,313,"Doors &amp; Door Accessories",doors-door-accessories,0,,,,4wp-us-C87,"Doors & Door Accessories",4wp-us-19126,,,,,,,,,
83,http://transamericanautoparts.local/category/door-checks/,"Door Checks",door-checks,,313,"Doors &amp; Door Accessories",doors-door-accessories,0,,,,4wp-us-C87,"Doors & Door Accessories",cat1130150,,,,,,,,,
84,http://transamericanautoparts.local/category/door-surround-knobs/,"Door Surround Knobs",door-surround-knobs,,313,"Doors &amp; Door Accessories",doors-door-accessories,0,,,,4wp-us-C87,"Doors & Door Accessories",cat1130155,,,,,,,,,
85,http://transamericanautoparts.local/category/door-pins/,"Door Pins",door-pins,,313,"Doors &amp; Door Accessories",doors-door-accessories,0,,,,4wp-us-C87,"Doors & Door Accessories",4wp-us-10652,,,,,,,,,
86,http://transamericanautoparts.local/category/door-window-crank-handle/,"Door Window Crank Handle",door-window-crank-handle,,313,"Doors &amp; Door Accessories",doors-door-accessories,0,,,,4wp-us-C87,"Doors & Door Accessories",4wp-us-1576,,,,,,,,,
87,http://transamericanautoparts.local/category/foot-pegs/,"Foot Pegs",foot-pegs,,313,"Doors &amp; Door Accessories",doors-door-accessories,0,,,,4wp-us-C87,"Doors & Door Accessories",4wp-us-49809,,,,,,,,,
88,http://transamericanautoparts.local/category/door-seal/,"Door Seal",door-seal,,313,"Doors &amp; Door Accessories",doors-door-accessories,0,,,,4wp-us-C87,"Doors & Door Accessories",4wp-us-11415,,,,,,,,,
89,http://transamericanautoparts.local/category/door-covers-and-netting/,"Door Covers and Netting",door-covers-and-netting,,313,"Doors &amp; Door Accessories",doors-door-accessories,0,,,,4wp-us-C87,"Doors & Door Accessories",4wp-us-14851,,,,,,,,,
90,http://transamericanautoparts.local/category/door-wire-looms/,"Door Wire Looms",door-wire-looms,,313,"Doors &amp; Door Accessories",doors-door-accessories,0,,,,4wp-us-C87,"Doors & Door Accessories",cat1130159,,,,,,,,,
91,http://transamericanautoparts.local/category/arm-rest/,"Arm Rest",arm-rest,,313,"Doors &amp; Door Accessories",doors-door-accessories,0,,,,4wp-us-C87,"Doors & Door Accessories",4wp-us-1436,,,,,,,,,
92,http://transamericanautoparts.local/category/door-weather-seal-kits/,"Door Weather Seal Kits",door-weather-seal-kits,,313,"Doors &amp; Door Accessories",doors-door-accessories,0,,,,4wp-us-C87,"Doors & Door Accessories",cat1130157,,,,,,,,,
93,http://transamericanautoparts.local/category/door-surround-moulding/,"Door Surround Moulding",door-surround-moulding,,313,"Doors &amp; Door Accessories",doors-door-accessories,0,,,,4wp-us-C87,"Doors & Door Accessories",4wp-us-12306,,,,,,,,,
94,http://transamericanautoparts.local/category/door-lock-kit/,"Door Lock Kit",door-lock-kit,,313,"Doors &amp; Door Accessories",doors-door-accessories,0,,,,4wp-us-C87,"Doors & Door Accessories",4wp-us-1028,,,,,,,,,
95,http://transamericanautoparts.local/category/door-strap/,"Door Strap",door-strap,,313,"Doors &amp; Door Accessories",doors-door-accessories,0,,,,4wp-us-C87,"Doors & Door Accessories",4wp-us-13655,,,,,,,,,
96,http://transamericanautoparts.local/category/interior-door-handle/,"Interior Door Handle",interior-door-handle,,313,"Doors &amp; Door Accessories",doors-door-accessories,0,,,,4wp-us-C87,"Doors & Door Accessories",4wp-us-13115,,,,,,,,,
97,http://transamericanautoparts.local/category/upper-door-skin-and-frames/,"Upper Door Skin and Frames",upper-door-skin-and-frames,,313,"Doors &amp; Door Accessories",doors-door-accessories,0,,,,4wp-us-C87,"Doors & Door Accessories",cat1130164,,,,,,,,,
98,http://transamericanautoparts.local/category/door-pull-handle/,"Door Pull Handle",door-pull-handle,,313,"Doors &amp; Door Accessories",doors-door-accessories,0,,,,4wp-us-C87,"Doors & Door Accessories",4wp-us-13582,,,,,,,,,
99,http://transamericanautoparts.local/category/door-moulding-retainer/,"Door Moulding Retainer",door-moulding-retainer,,313,"Doors &amp; Door Accessories",doors-door-accessories,0,,,,4wp-us-C87,"Doors & Door Accessories",4wp-us-13897,,,,,,,,,
100,http://transamericanautoparts.local/category/door-window-regulator/,"Door Window Regulator",door-window-regulator,,313,"Doors &amp; Door Accessories",doors-door-accessories,0,,,,4wp-us-C87,"Doors & Door Accessories",4wp-us-10217,,,,,,,,,
101,http://transamericanautoparts.local/category/windshield-seal/,"Windshield Seal",windshield-seal,,313,"Doors &amp; Door Accessories",doors-door-accessories,0,,,,4wp-us-C87,"Doors & Door Accessories",4wp-us-11438,,,,,,,,,
102,http://transamericanautoparts.local/category/door-window-glass/,"Door Window Glass",door-window-glass,,313,"Doors &amp; Door Accessories",doors-door-accessories,0,,,,4wp-us-C87,"Doors & Door Accessories",cat1130158,,,,,,,,,
103,http://transamericanautoparts.local/category/door-frame-assembly/,"Door Frame Assembly",door-frame-assembly,,313,"Doors &amp; Door Accessories",doors-door-accessories,0,,,,4wp-us-C87,"Doors & Door Accessories",4wp-us-16043,,,,,,,,,
104,http://transamericanautoparts.local/category/door-lock-knob/,"Door Lock Knob",door-lock-knob,,313,"Doors &amp; Door Accessories",doors-door-accessories,0,,,,4wp-us-C87,"Doors & Door Accessories",4wp-us-1290,,,,,,,,,
105,http://transamericanautoparts.local/category/weatherstrip-seals/,"Weatherstrip Seals",weatherstrip-seals,,313,"Doors &amp; Door Accessories",doors-door-accessories,0,,,,4wp-us-C87,"Doors & Door Accessories",cat1130165,,,,,,,,,
106,http://transamericanautoparts.local/category/push-pins/,"Push Pins",push-pins,,313,"Doors &amp; Door Accessories",doors-door-accessories,0,,,,4wp-us-C87,"Doors & Door Accessories",cat1130162,,,,,,,,,
107,http://transamericanautoparts.local/category/door-surround-moulding-spacer-kit/,"Door Surround Moulding Spacer Kit",door-surround-moulding-spacer-kit,,313,"Doors &amp; Door Accessories",doors-door-accessories,0,,,,4wp-us-C87,"Doors & Door Accessories",cat1130156,,,,,,,,,
108,http://transamericanautoparts.local/category/door-pull-handle-end-cap/,"Door Pull Handle End Cap",door-pull-handle-end-cap,,313,"Doors &amp; Door Accessories",doors-door-accessories,0,,,,4wp-us-C87,"Doors & Door Accessories",4wp-us-16011,,,,,,,,,
109,http://transamericanautoparts.local/category/door-retaining-channel/,"Door Retaining Channel",door-retaining-channel,,313,"Doors &amp; Door Accessories",doors-door-accessories,0,,,,4wp-us-C87,"Doors & Door Accessories",4wp-us-14744,,,,,,,,,
110,http://transamericanautoparts.local/category/tool-box-lift-support/,"Tool Box Lift Support",tool-box-lift-support,,313,"Doors &amp; Door Accessories",doors-door-accessories,0,,,,4wp-us-C87,"Doors & Door Accessories",cat1440208,,,,,,,,,
111,http://transamericanautoparts.local/category/soft-door-snaps/,"Soft Door Snaps",soft-door-snaps,,313,"Doors &amp; Door Accessories",doors-door-accessories,0,,,,4wp-us-C87,"Doors & Door Accessories",4wp-us-19964,,,,,,,,,
112,http://transamericanautoparts.local/category/door-lock-rod-retainer/,"Door Lock Rod Retainer",door-lock-rod-retainer,,313,"Doors &amp; Door Accessories",doors-door-accessories,0,,,,4wp-us-C87,"Doors & Door Accessories",4wp-us-13641,,,,,,,,,
113,http://transamericanautoparts.local/category/door-panel-insert/,"Door Panel Insert",door-panel-insert,,313,"Doors &amp; Door Accessories",doors-door-accessories,0,,,,4wp-us-C87,"Doors & Door Accessories",4wp-us-16390,,,,,,,,,
114,http://transamericanautoparts.local/category/soft-top-door-seal-clip/,"Soft Top Door Seal Clip",soft-top-door-seal-clip,,313,"Doors &amp; Door Accessories",doors-door-accessories,0,,,,4wp-us-C87,"Doors & Door Accessories",4wp-us-15170,,,,,,,,,
115,http://transamericanautoparts.local/category/door-wiring-harness/,"Door Wiring Harness",door-wiring-harness,,313,"Doors &amp; Door Accessories",doors-door-accessories,0,,,,4wp-us-C87,"Doors & Door Accessories",cat1130160,,,,,,,,,
116,http://transamericanautoparts.local/category/door-handle-screw-kit/,"Door Handle Screw Kit",door-handle-screw-kit,,313,"Doors &amp; Door Accessories",doors-door-accessories,0,,,,4wp-us-C87,"Doors & Door Accessories",4wp-us-18616,,,,,,,,,
117,http://transamericanautoparts.local/category/interior-lights-kill-switch/,"Interior Lights Kill Switch",interior-lights-kill-switch,,313,"Doors &amp; Door Accessories",doors-door-accessories,0,,,,4wp-us-C87,"Doors & Door Accessories",cat1130161,,,,,,,,,
118,http://transamericanautoparts.local/category/sliding-window-set/,"Sliding Window Set",sliding-window-set,,313,"Doors &amp; Door Accessories",doors-door-accessories,0,,,,4wp-us-C87,"Doors & Door Accessories",4wp-us-14092,,,,,,,,,
119,http://transamericanautoparts.local/category/door-lock-gasket/,"Door Lock Gasket",door-lock-gasket,,313,"Doors &amp; Door Accessories",doors-door-accessories,0,,,,4wp-us-C87,"Doors & Door Accessories",4wp-us-11411,,,,,,,,,
120,http://transamericanautoparts.local/category/transmission-mounts/,"Transmission Mounts",transmission-mounts,,314,"Drivetrain &amp; Differential",drivetrain-differential,0,,,,4wp-us-C12,"Drivetrain & Differential",4wp-us-SC505,,,,,,,,,
121,http://transamericanautoparts.local/category/performance-axle-components/,"Performance Axle Components",performance-axle-components,,314,"Drivetrain &amp; Differential",drivetrain-differential,0,,,,4wp-us-C12,"Drivetrain & Differential",4wp-us-SC237,,,,,,,,,
122,http://transamericanautoparts.local/category/transfer-case-upgrades-crawl-boxes/,"Transfer Case Upgrades &amp; Crawl Boxes",transfer-case-upgrades-crawl-boxes,,314,"Drivetrain &amp; Differential",drivetrain-differential,0,,,,4wp-us-C12,"Drivetrain & Differential",4wp-us-SC512,,,,,,,,,
123,http://transamericanautoparts.local/category/drive-shafts-drive-shaft-components/,"Drive Shafts &amp; Drive Shaft Components",drive-shafts-drive-shaft-components,,314,"Drivetrain &amp; Differential",drivetrain-differential,0,,,,4wp-us-C12,"Drivetrain & Differential",4wp-us-SC515,,,,,,,,,
124,http://transamericanautoparts.local/category/oem-replacement-axle-parts/,"OEM Replacement Axle Parts",oem-replacement-axle-parts,,314,"Drivetrain &amp; Differential",drivetrain-differential,0,,,,4wp-us-C12,"Drivetrain & Differential",4wp-us-SC514,,,,,,,,,
125,http://transamericanautoparts.local/category/complete-axles-third-members/,"Complete Axles &amp; Third Members",complete-axles-third-members,,314,"Drivetrain &amp; Differential",drivetrain-differential,0,,,,4wp-us-C12,"Drivetrain & Differential",4wp-us-15226,,,,,,,,,
126,http://transamericanautoparts.local/category/transfer-cases-and-replacement-parts/,"Transfer Cases and Replacement Parts",transfer-cases-and-replacement-parts,,314,"Drivetrain &amp; Differential",drivetrain-differential,0,,,,4wp-us-C12,"Drivetrain & Differential",4wp-us-SC116,,,,,,,,,
127,http://transamericanautoparts.local/category/transmission-transfer-case-adapters/,"Transmission &amp; Transfer Case Adapters",transmission-transfer-case-adapters,,314,"Drivetrain &amp; Differential",drivetrain-differential,0,,,,4wp-us-C12,"Drivetrain & Differential",cat1120135,,,,,,,,,
128,http://transamericanautoparts.local/category/manual-transmissions-parts/,"Manual Transmissions Parts",manual-transmissions-parts,,314,"Drivetrain &amp; Differential",drivetrain-differential,0,,,,4wp-us-C12,"Drivetrain & Differential",4wp-us-SC239,,,,,,,,,
129,http://transamericanautoparts.local/category/shifters-shifter-components/,"Shifters &amp; Shifter Components",shifters-shifter-components,,314,"Drivetrain &amp; Differential",drivetrain-differential,0,,,,4wp-us-C12,"Drivetrain & Differential",4wp-us-SC513,,,,,,,,,
130,http://transamericanautoparts.local/category/clutch-bellhousing-components/,"Clutch &amp; Bellhousing Components",clutch-bellhousing-components,,314,"Drivetrain &amp; Differential",drivetrain-differential,0,,,,4wp-us-C12,"Drivetrain & Differential",4wp-us-SC511,,,,,,,,,
131,http://transamericanautoparts.local/category/automatic-transmissions/,"Automatic Transmissions",automatic-transmissions,,314,"Drivetrain &amp; Differential",drivetrain-differential,0,,,,4wp-us-C12,"Drivetrain & Differential",4wp-us-SC381,,,,,,,,,
132,http://transamericanautoparts.local/category/body-kits-accessories/,"Body Kits &amp; Accessories",body-kits-accessories,,315,"Exterior Parts",exterior-parts,0,,,,4wp-us-S3,"Exterior Parts",4wp-us-SC21,,,,,,,,,
133,http://transamericanautoparts.local/category/mirrors/,Mirrors,mirrors,,315,"Exterior Parts",exterior-parts,0,,,,4wp-us-S3,"Exterior Parts",4wp-us-SC465,,,,,,,,,
134,http://transamericanautoparts.local/category/racks/,Racks,racks,,315,"Exterior Parts",exterior-parts,0,,,,4wp-us-S3,"Exterior Parts",4wp-us-SC82,,,,,,,,,
135,http://transamericanautoparts.local/category/grilles/,Grilles,grilles,,315,"Exterior Parts",exterior-parts,0,,,,4wp-us-S3,"Exterior Parts",4wp-us-1384,,,,,,,,,
136,http://transamericanautoparts.local/category/nameplates-emblems-decals/,"Nameplates, Emblems &amp; Decals",nameplates-emblems-decals,,315,"Exterior Parts",exterior-parts,0,,,,4wp-us-S3,"Exterior Parts",4wp-us-SC423,,,,,,,,,
137,http://transamericanautoparts.local/category/truck-bed-cargo-management/,"Truck Bed &amp; Cargo Management",truck-bed-cargo-management,,315,"Exterior Parts",exterior-parts,0,,,,4wp-us-S3,"Exterior Parts",4wp-us-SC120,,,,,,,,,
138,http://transamericanautoparts.local/category/steel-accessories/,"Steel Accessories",steel-accessories,,315,"Exterior Parts",exterior-parts,0,,,,4wp-us-S3,"Exterior Parts",4wp-us-SC470,,,,,,,,,
139,http://transamericanautoparts.local/category/car-care/,"Car Care",car-care,,315,"Exterior Parts",exterior-parts,0,,,,4wp-us-S3,"Exterior Parts",4wp-us-SC424,,,,,,,,,
140,http://transamericanautoparts.local/category/bugshields-vent-visors/,"Bugshields &amp; Vent Visors",bugshields-vent-visors,,315,"Exterior Parts",exterior-parts,0,,,,4wp-us-S3,"Exterior Parts",4wp-us-SC457,,,,,,,,,
141,http://transamericanautoparts.local/category/exterior-billet-accessories/,"Exterior Billet Accessories",exterior-billet-accessories,,315,"Exterior Parts",exterior-parts,0,,,,4wp-us-S3,"Exterior Parts",4wp-us-SC410,,,,,,,,,
142,http://transamericanautoparts.local/category/fluid-storage/,"Fluid Storage",fluid-storage,,315,"Exterior Parts",exterior-parts,0,,,,4wp-us-S3,"Exterior Parts",4wp-us-SC188,,,,,,,,,
143,http://transamericanautoparts.local/category/windshield-wiper-motors-blades-accessories/,"Windshield Wiper Motors, Blades &amp; Accessories",windshield-wiper-motors-blades-accessories,,315,"Exterior Parts",exterior-parts,0,,,,4wp-us-S3,"Exterior Parts",4wp-us-SC483,,,,,,,,,
144,http://transamericanautoparts.local/category/bed-coatings-paints/,"Bed Coatings &amp; Paints",bed-coatings-paints,,315,"Exterior Parts",exterior-parts,0,,,,4wp-us-S3,"Exterior Parts",4wp-us-SC506,,,,,,,,,
145,http://transamericanautoparts.local/category/horns-and-train-horns/,"Horns and Train Horns",horns-and-train-horns,,315,"Exterior Parts",exterior-parts,0,,,,4wp-us-S3,"Exterior Parts",4wp-us-SC241,,,,,,,,,
146,http://transamericanautoparts.local/category/bed-brace/,"Bed Brace",bed-brace,,315,"Exterior Parts",exterior-parts,0,,,,4wp-us-S3,"Exterior Parts",cat1120182,,,,,,,,,
147,http://transamericanautoparts.local/category/brackets-gussets-tabs/,"Brackets, Gussets &amp; Tabs",brackets-gussets-tabs,,316,"Fabrication &amp; Tools",fabrication-tools,0,,,,4wp-us-C86,"Fabrication & Tools",4wp-us-SC527,,,,,,,,,
148,http://transamericanautoparts.local/category/hand-tools/,"Hand Tools",hand-tools,,316,"Fabrication &amp; Tools",fabrication-tools,0,,,,4wp-us-C86,"Fabrication & Tools",4wp-us-SC317,,,,,,,,,
149,http://transamericanautoparts.local/category/flex-joints-rod-ends-jam-nuts/,"Flex Joints, Rod Ends &amp; Jam Nuts",flex-joints-rod-ends-jam-nuts,,316,"Fabrication &amp; Tools",fabrication-tools,0,,,,4wp-us-C86,"Fabrication & Tools",4wp-us-SC528,,,,,,,,,
150,http://transamericanautoparts.local/category/specialty-tools/,"Specialty Tools",specialty-tools,,316,"Fabrication &amp; Tools",fabrication-tools,0,,,,4wp-us-C86,"Fabrication & Tools",4wp-us-SC530,,,,,,,,,
151,http://transamericanautoparts.local/category/tubing-tube-adapters/,"Tubing &amp; Tube Adapters",tubing-tube-adapters,,316,"Fabrication &amp; Tools",fabrication-tools,0,,,,4wp-us-C86,"Fabrication & Tools",4wp-us-SC531,,,,,,,,,
152,http://transamericanautoparts.local/category/garage-accessories/,"Garage Accessories",garage-accessories,,316,"Fabrication &amp; Tools",fabrication-tools,0,,,,4wp-us-C86,"Fabrication & Tools",cat1120278,,,,,,,,,
153,http://transamericanautoparts.local/category/fender-vents/,"Fender Vents",fender-vents,,317,"Fenders &amp; Flares",fenders-flares,0,,,,4wp-us-C80,"Fenders & Flares",4wp-us-13737,,,,,,,,,
154,http://transamericanautoparts.local/category/fender-flares/,"Fender Flares",fender-flares,,317,"Fenders &amp; Flares",fenders-flares,0,,,,4wp-us-C80,"Fenders & Flares",4wp-us-1036,,,,,,,,,
155,http://transamericanautoparts.local/category/tube-fenders/,"Tube Fenders",tube-fenders,,317,"Fenders &amp; Flares",fenders-flares,0,,,,4wp-us-C80,"Fenders & Flares",cat1130171,,,,,,,,,
156,http://transamericanautoparts.local/category/fender-liners/,"Fender Liners",fender-liners,,317,"Fenders &amp; Flares",fenders-flares,0,,,,4wp-us-C80,"Fenders & Flares",4wp-us-12475,,,,,,,,,
157,http://transamericanautoparts.local/category/fender-deflector/,"Fender Deflector",fender-deflector,,317,"Fenders &amp; Flares",fenders-flares,0,,,,4wp-us-C80,"Fenders & Flares",4wp-us-13926,,,,,,,,,
158,http://transamericanautoparts.local/category/fender-flare-trims/,"Fender Flare Trims",fender-flare-trims,,317,"Fenders &amp; Flares",fenders-flares,0,,,,4wp-us-C80,"Fenders & Flares",cat1130173,,,,,,,,,
159,http://transamericanautoparts.local/category/fender-flare-hardware-kit/,"Fender Flare Hardware Kit",fender-flare-hardware-kit,,317,"Fenders &amp; Flares",fenders-flares,0,,,,4wp-us-C80,"Fenders & Flares",4wp-us-14087,,,,,,,,,
160,http://transamericanautoparts.local/category/fender-flare-extension/,"Fender Flare Extension",fender-flare-extension,,317,"Fenders &amp; Flares",fenders-flares,0,,,,4wp-us-C80,"Fenders & Flares",4wp-us-16553,,,,,,,,,
161,http://transamericanautoparts.local/category/fender-trim/,"Fender Trim",fender-trim,,317,"Fenders &amp; Flares",fenders-flares,0,,,,4wp-us-C80,"Fenders & Flares",cat1440207,,,,,,,,,
162,http://transamericanautoparts.local/category/engine-transmission-cooling/,"Engine &amp; Transmission Cooling",engine-transmission-cooling,,318,"Heating &amp; Cooling",heating-cooling,0,,,,4wp-us-C84,"Heating & Cooling",4wp-us-SC518,,,,,,,,,
163,http://transamericanautoparts.local/category/heating-air-conditioning/,"Heating &amp; Air Conditioning",heating-air-conditioning,,318,"Heating &amp; Cooling",heating-cooling,0,,,,4wp-us-C84,"Heating & Cooling",4wp-us-SC519,,,,,,,,,
164,http://transamericanautoparts.local/category/storage-organizers/,"Storage &amp; Organizers",storage-organizers,,319,"Interior Parts &amp; Accessories",interior-parts-accessories,0,,,,4wp-us-S7,"Interior Parts & Accessories",4wp-us-SC411,,,,,,,,,
165,http://transamericanautoparts.local/category/interior-accessories/,"Interior Accessories",interior-accessories,,319,"Interior Parts &amp; Accessories",interior-parts-accessories,0,,,,4wp-us-S7,"Interior Parts & Accessories",4wp-us-SC412,,,,,,,,,
166,http://transamericanautoparts.local/category/floor-mats-cargo-liners/,"Floor Mats &amp; Cargo Liners",floor-mats-cargo-liners,,319,"Interior Parts &amp; Accessories",interior-parts-accessories,0,,,,4wp-us-S7,"Interior Parts & Accessories",4wp-us-SC272,,,,,,,,,
167,http://transamericanautoparts.local/category/audio-video/,"Audio &amp; Video",audio-video,,319,"Interior Parts &amp; Accessories",interior-parts-accessories,0,,,,4wp-us-S7,"Interior Parts & Accessories",4wp-us-SC500,,,,,,,,,
168,http://transamericanautoparts.local/category/carpet-kits-sound-deadening/,"Carpet Kits &amp; Sound Deadening",carpet-kits-sound-deadening,,319,"Interior Parts &amp; Accessories",interior-parts-accessories,0,,,,4wp-us-S7,"Interior Parts & Accessories",4wp-us-SC352,,,,,,,,,
169,http://transamericanautoparts.local/category/seat-covers/,"Seat Covers",seat-covers,,319,"Interior Parts &amp; Accessories",interior-parts-accessories,0,,,,4wp-us-S7,"Interior Parts & Accessories",4wp-us-SC333,,,,,,,,,
170,http://transamericanautoparts.local/category/seats/,Seats,seats,,319,"Interior Parts &amp; Accessories",interior-parts-accessories,0,,,,4wp-us-S7,"Interior Parts & Accessories",4wp-us-SC418,,,,,,,,,
171,http://transamericanautoparts.local/category/steering-wheels/,"Steering Wheels",steering-wheels,,319,"Interior Parts &amp; Accessories",interior-parts-accessories,0,,,,4wp-us-S7,"Interior Parts & Accessories",4wp-us-SC98,,,,,,,,,
172,http://transamericanautoparts.local/category/dashboard-accessories/,"Dashboard Accessories",dashboard-accessories,,319,"Interior Parts &amp; Accessories",interior-parts-accessories,0,,,,4wp-us-S7,"Interior Parts & Accessories",4wp-us-SC274,,,,,,,,,
173,http://transamericanautoparts.local/category/security-alarms/,"Security Alarms",security-alarms,,319,"Interior Parts &amp; Accessories",interior-parts-accessories,0,,,,4wp-us-S7,"Interior Parts & Accessories",4wp-us-11775,,,,,,,,,
174,http://transamericanautoparts.local/category/interior-cabin-filters/,"Interior Cabin Filters",interior-cabin-filters,,319,"Interior Parts &amp; Accessories",interior-parts-accessories,0,,,,4wp-us-S7,"Interior Parts & Accessories",4wp-us-SC572,,,,,,,,,
175,http://transamericanautoparts.local/category/suspension-accessories/,"Suspension Accessories",suspension-accessories,,320,"Lift Kits, Suspension &amp; Shocks",lift-kits-suspension-shocks,0,,,,cat1120291,"Lift Kits, Suspension & Shocks",4wp-us-SC101,,,,,,,,,
176,http://transamericanautoparts.local/category/shock-absorbers-shock-accessories/,"Shock Absorbers &amp; Shock Accessories",shock-absorbers-shock-accessories,,320,"Lift Kits, Suspension &amp; Shocks",lift-kits-suspension-shocks,0,,,,cat1120291,"Lift Kits, Suspension & Shocks",4wp-us-7556,,,,,,,,,
177,http://transamericanautoparts.local/category/complete-suspension-systems-and-lift-kits/,"Complete Suspension Systems and Lift Kits",complete-suspension-systems-and-lift-kits,,320,"Lift Kits, Suspension &amp; Shocks",lift-kits-suspension-shocks,0,,,,cat1120291,"Lift Kits, Suspension & Shocks",4wp-us-18833,,,,,,,,,
178,http://transamericanautoparts.local/category/leveling-kits/,"Leveling Kits",leveling-kits,,320,"Lift Kits, Suspension &amp; Shocks",lift-kits-suspension-shocks,0,,,,cat1120291,"Lift Kits, Suspension & Shocks",4wp-us-SC358,,,,,,,,,
179,http://transamericanautoparts.local/category/body-lifts-bushings/,"Body Lifts &amp; Bushings",body-lifts-bushings,,320,"Lift Kits, Suspension &amp; Shocks",lift-kits-suspension-shocks,0,,,,cat1120291,"Lift Kits, Suspension & Shocks",4wp-us-SC20,,,,,,,,,
180,http://transamericanautoparts.local/category/steering-stabilizers/,"Steering Stabilizers",steering-stabilizers,,320,"Lift Kits, Suspension &amp; Shocks",lift-kits-suspension-shocks,0,,,,cat1120291,"Lift Kits, Suspension & Shocks",4wp-us-SC509,,,,,,,,,
181,http://transamericanautoparts.local/category/solid-axle-conversion-kits/,"Solid Axle Conversion Kits",solid-axle-conversion-kits,,320,"Lift Kits, Suspension &amp; Shocks",lift-kits-suspension-shocks,0,,,,cat1120291,"Lift Kits, Suspension & Shocks",4wp-us-SC389,,,,,,,,,
182,http://transamericanautoparts.local/category/air-ride-suspensions/,"Air Ride Suspensions",air-ride-suspensions,,320,"Lift Kits, Suspension &amp; Shocks",lift-kits-suspension-shocks,0,,,,cat1120291,"Lift Kits, Suspension & Shocks",4wp-us-SC546,,,,,,,,,
183,http://transamericanautoparts.local/category/lowering-sport-suspensions/,"Lowering &amp; Sport Suspensions",lowering-sport-suspensions,,320,"Lift Kits, Suspension &amp; Shocks",lift-kits-suspension-shocks,0,,,,cat1120291,"Lift Kits, Suspension & Shocks",4wp-us-SC279,,,,,,,,,
184,http://transamericanautoparts.local/category/offroad-racing-fog-driving-lights/,"Offroad Racing, Fog &amp; Driving Lights",offroad-racing-fog-driving-lights,,321,"Lighting &amp; Lighting Accessories",lighting-lighting-accessories,0,,,,4wp-us-C14,"Lighting & Lighting Accessories",cat1120283,,,,,,,,,
185,http://transamericanautoparts.local/category/light-mounting-brackets-cradles/,"Light Mounting Brackets &amp; Cradles",light-mounting-brackets-cradles,,321,"Lighting &amp; Lighting Accessories",lighting-lighting-accessories,0,,,,4wp-us-C14,"Lighting & Lighting Accessories",cat1120289,,,,,,,,,
186,http://transamericanautoparts.local/category/lighting-accessories/,"Lighting Accessories",lighting-accessories,,321,"Lighting &amp; Lighting Accessories",lighting-lighting-accessories,0,,,,4wp-us-C14,"Lighting & Lighting Accessories",4wp-us-SC69,,,,,,,,,
187,http://transamericanautoparts.local/category/auxiliary-lighting/,"Auxiliary Lighting",auxiliary-lighting,,321,"Lighting &amp; Lighting Accessories",lighting-lighting-accessories,0,,,,4wp-us-C14,"Lighting & Lighting Accessories",4wp-us-SC450,,,,,,,,,
188,http://transamericanautoparts.local/category/work-lamps/,"Work Lamps",work-lamps,,321,"Lighting &amp; Lighting Accessories",lighting-lighting-accessories,0,,,,4wp-us-C14,"Lighting & Lighting Accessories",4wp-us-SC449,,,,,,,,,
189,http://transamericanautoparts.local/category/replacement-headlights-tail-lights-bulbs/,"Replacement Headlights, Tail Lights &amp; Bulbs",replacement-headlights-tail-lights-bulbs,,321,"Lighting &amp; Lighting Accessories",lighting-lighting-accessories,0,,,,4wp-us-C14,"Lighting & Lighting Accessories",4wp-us-SC67,,,,,,,,,
190,http://transamericanautoparts.local/category/camping-gear/,"Camping Gear",camping-gear,,322,"Overlanding &amp; Camping",overlanding-camping,0,,,,4wp-us-C88,"Overlanding & Camping",cat1110026,,,,,,,,,
191,http://transamericanautoparts.local/category/backpacks-storage-bags/,"Backpacks &amp; Storage Bags",backpacks-storage-bags,,322,"Overlanding &amp; Camping",overlanding-camping,0,,,,4wp-us-C88,"Overlanding & Camping",4wp-us-49077,,,,,,,,,
192,http://transamericanautoparts.local/category/tents-and-awnings/,"Tents and Awnings",tents-and-awnings,,322,"Overlanding &amp; Camping",overlanding-camping,0,,,,4wp-us-C88,"Overlanding & Camping",4wp-us-SC565,,,,,,,,,
193,http://transamericanautoparts.local/category/camping-trailers/,"Camping Trailers",camping-trailers,,322,"Overlanding &amp; Camping",overlanding-camping,0,,,,4wp-us-C88,"Overlanding & Camping",cat1130118,,,,,,,,,
194,http://transamericanautoparts.local/category/electrical/,Electrical,electrical,,323,"Performance Parts",performance-parts,0,,,,4wp-us-S4,"Performance Parts",4wp-us-C72,,,,,,,,,
195,http://transamericanautoparts.local/category/engine-mounts/,"Engine Mounts",engine-mounts,,323,"Performance Parts",performance-parts,0,,,,4wp-us-S4,"Performance Parts",4wp-us-SC551,,,,,,,,,
196,http://transamericanautoparts.local/category/fittings-lines-hardware/,"Fittings, Lines &amp; Hardware",fittings-lines-hardware,,323,"Performance Parts",performance-parts,0,,,,4wp-us-S4,"Performance Parts",4wp-us-SC537,,,,,,,,,
197,http://transamericanautoparts.local/category/gauges/,Gauges,gauges,,323,"Performance Parts",performance-parts,0,,,,4wp-us-S4,"Performance Parts",4wp-us-SC54,,,,,,,,,
198,http://transamericanautoparts.local/category/exhaust-systems-headers-pipes-and-hardware/,"Exhaust Systems, Headers, Pipes and Hardware",exhaust-systems-headers-pipes-and-hardware,,323,"Performance Parts",performance-parts,0,,,,4wp-us-S4,"Performance Parts",4wp-us-SC49,,,,,,,,,
199,http://transamericanautoparts.local/category/intake-kits-air-filter-throttle-body-spacers/,"Intake Kits, Air Filter &amp; Throttle Body Spacers",intake-kits-air-filter-throttle-body-spacers,,323,"Performance Parts",performance-parts,0,,,,4wp-us-S4,"Performance Parts",4wp-us-SC6,,,,,,,,,
200,http://transamericanautoparts.local/category/carburetors-intake-manifolds-and-throttle-body/,"Carburetors, Intake Manifolds, and Throttle Body",carburetors-intake-manifolds-and-throttle-body,,323,"Performance Parts",performance-parts,0,,,,4wp-us-S4,"Performance Parts",4wp-us-SC550,,,,,,,,,
201,http://transamericanautoparts.local/category/gauge-mounting-gauge-accessories/,"Gauge Mounting &amp; Gauge Accessories",gauge-mounting-gauge-accessories,,323,"Performance Parts",performance-parts,0,,,,4wp-us-S4,"Performance Parts",4wp-us-SC561,,,,,,,,,
202,http://transamericanautoparts.local/category/engine-oiling-system/,"Engine Oiling System",engine-oiling-system,,323,"Performance Parts",performance-parts,0,,,,4wp-us-S4,"Performance Parts",4wp-us-SC553,,,,,,,,,
203,http://transamericanautoparts.local/category/pulleys-belts-accessories/,"Pulleys, Belts &amp; Accessories",pulleys-belts-accessories,,323,"Performance Parts",performance-parts,0,,,,4wp-us-S4,"Performance Parts",4wp-us-SC556,,,,,,,,,
204,http://transamericanautoparts.local/category/performance-electronics/,"Performance Electronics",performance-electronics,,323,"Performance Parts",performance-parts,0,,,,4wp-us-S4,"Performance Parts",4wp-us-SC33,,,,,,,,,
205,http://transamericanautoparts.local/category/performance-ignition-systems/,"Performance Ignition Systems",performance-ignition-systems,,323,"Performance Parts",performance-parts,0,,,,4wp-us-S4,"Performance Parts",4wp-us-SC43,,,,,,,,,
206,http://transamericanautoparts.local/category/fuel-injectors-pumps-throttle-control/,"Fuel Injectors, Pumps &amp; Throttle Control",fuel-injectors-pumps-throttle-control,,323,"Performance Parts",performance-parts,0,,,,4wp-us-S4,"Performance Parts",4wp-us-SC368,,,,,,,,,
207,http://transamericanautoparts.local/category/turbo-intercooler-upgrades/,"Turbo &amp; Intercooler Upgrades",turbo-intercooler-upgrades,,323,"Performance Parts",performance-parts,0,,,,4wp-us-S4,"Performance Parts",4wp-us-SC376,,,,,,,,,
208,http://transamericanautoparts.local/category/engine-sensors/,"Engine Sensors",engine-sensors,,323,"Performance Parts",performance-parts,0,,,,4wp-us-S4,"Performance Parts",4wp-us-SC151,,,,,,,,,
209,http://transamericanautoparts.local/category/vehicle-specific-performance-packages/,"Vehicle Specific Performance Packages",vehicle-specific-performance-packages,,323,"Performance Parts",performance-parts,0,,,,4wp-us-S4,"Performance Parts",4wp-us-SC557,,,,,,,,,
210,http://transamericanautoparts.local/category/supercharger-systems/,"Supercharger Systems",supercharger-systems,,323,"Performance Parts",performance-parts,0,,,,4wp-us-S4,"Performance Parts",4wp-us-SC562,,,,,,,,,
211,http://transamericanautoparts.local/category/engine-gaskets-master-rebuild-kits/,"Engine Gaskets &amp; Master Rebuild Kits",engine-gaskets-master-rebuild-kits,,323,"Performance Parts",performance-parts,0,,,,4wp-us-S4,"Performance Parts",4wp-us-SC555,,,,,,,,,
212,http://transamericanautoparts.local/category/fuel-and-oil-filters/,"Fuel and Oil Filters",fuel-and-oil-filters,,323,"Performance Parts",performance-parts,0,,,,4wp-us-S4,"Performance Parts",4wp-us-SC383,,,,,,,,,
213,http://transamericanautoparts.local/category/fluids-additives-and-sealants/,"Fluids, Additives and Sealants",fluids-additives-and-sealants,,323,"Performance Parts",performance-parts,0,,,,4wp-us-S4,"Performance Parts",4wp-us-SC345,,,,,,,,,
214,http://transamericanautoparts.local/category/fuel-tanks-fuel-tank-hardware/,"Fuel Tanks &amp; Fuel Tank Hardware",fuel-tanks-fuel-tank-hardware,,323,"Performance Parts",performance-parts,0,,,,4wp-us-S4,"Performance Parts",4wp-us-SC433,,,,,,,,,
215,http://transamericanautoparts.local/category/diesel-exhaust-brakes/,"Diesel Exhaust Brakes",diesel-exhaust-brakes,,323,"Performance Parts",performance-parts,0,,,,4wp-us-S4,"Performance Parts",4wp-us-SC364,,,,,,,,,
216,http://transamericanautoparts.local/category/engine-dress-up-and-valve-covers/,"Engine Dress up and Valve Covers",engine-dress-up-and-valve-covers,,323,"Performance Parts",performance-parts,0,,,,4wp-us-S4,"Performance Parts",4wp-us-SC552,,,,,,,,,
217,http://transamericanautoparts.local/category/engine-camshaft-valvetrain/,"Engine Camshaft &amp; Valvetrain",engine-camshaft-valvetrain,,323,"Performance Parts",performance-parts,0,,,,4wp-us-S4,"Performance Parts",4wp-us-SC549,,,,,,,,,
218,http://transamericanautoparts.local/category/engine-rotating-assembly/,"Engine Rotating Assembly",engine-rotating-assembly,,323,"Performance Parts",performance-parts,0,,,,4wp-us-S4,"Performance Parts",4wp-us-SC554,,,,,,,,,
219,http://transamericanautoparts.local/category/engines-assemblies/,"Engines &amp; Assemblies",engines-assemblies,,323,"Performance Parts",performance-parts,0,,,,4wp-us-S4,"Performance Parts",4wp-us-SC46,,,,,,,,,
220,http://transamericanautoparts.local/category/engine-conversion-packages/,"Engine Conversion Packages",engine-conversion-packages,,323,"Performance Parts",performance-parts,0,,,,4wp-us-S4,"Performance Parts",cat1120370,,,,,,,,,
221,http://transamericanautoparts.local/category/drive-shafts-and-parts/,"Drive Shafts and Parts",drive-shafts-and-parts,,324,"Replacement Parts",replacement-parts,0,,,,4wp-us-S8,"Replacement Parts",4wp-us-SC593,,,,,,,,,
222,http://transamericanautoparts.local/category/replacement-body-parts/,"Replacement Body Parts",replacement-body-parts,,324,"Replacement Parts",replacement-parts,0,,,,4wp-us-S8,"Replacement Parts",4wp-us-SC581,,,,,,,,,
223,http://transamericanautoparts.local/category/mirror-parts/,"Mirror Parts",mirror-parts,,324,"Replacement Parts",replacement-parts,0,,,,4wp-us-S8,"Replacement Parts",4wp-us-SC590,,,,,,,,,
224,http://transamericanautoparts.local/category/brake-parts/,"Brake Parts",brake-parts,,324,"Replacement Parts",replacement-parts,0,,,,4wp-us-S8,"Replacement Parts",4wp-us-SC583,,,,,,,,,
225,http://transamericanautoparts.local/category/axle-parts/,"Axle Parts",axle-parts,,324,"Replacement Parts",replacement-parts,0,,,,4wp-us-S8,"Replacement Parts",4wp-us-SC578,,,,,,,,,
226,http://transamericanautoparts.local/category/door-parts/,"Door Parts",door-parts,,324,"Replacement Parts",replacement-parts,0,,,,4wp-us-S8,"Replacement Parts",4wp-us-SC579,,,,,,,,,
227,http://transamericanautoparts.local/category/wiper-parts/,"Wiper Parts",wiper-parts,,324,"Replacement Parts",replacement-parts,0,,,,4wp-us-S8,"Replacement Parts",4wp-us-SC592,,,,,,,,,
228,http://transamericanautoparts.local/category/replacement-liftgate-parts/,"Replacement Liftgate Parts",replacement-liftgate-parts,,324,"Replacement Parts",replacement-parts,0,,,,4wp-us-S8,"Replacement Parts",4wp-us-SC575,,,,,,,,,
229,http://transamericanautoparts.local/category/dash-parts/,"Dash Parts",dash-parts,,324,"Replacement Parts",replacement-parts,0,,,,4wp-us-S8,"Replacement Parts",4wp-us-SC587,,,,,,,,,
230,http://transamericanautoparts.local/category/electrical-parts/,"Electrical Parts",electrical-parts,,324,"Replacement Parts",replacement-parts,0,,,,4wp-us-S8,"Replacement Parts",4wp-us-SC597,,,,,,,,,
231,http://transamericanautoparts.local/category/transfer-case-parts/,"Transfer Case Parts",transfer-case-parts,,324,"Replacement Parts",replacement-parts,0,,,,4wp-us-S8,"Replacement Parts",4wp-us-SC582,,,,,,,,,
232,http://transamericanautoparts.local/category/cooling-parts/,"Cooling Parts",cooling-parts,,324,"Replacement Parts",replacement-parts,0,,,,4wp-us-S8,"Replacement Parts",4wp-us-SC577,,,,,,,,,
233,http://transamericanautoparts.local/category/windshield-frame-parts/,"Windshield Frame Parts",windshield-frame-parts,,324,"Replacement Parts",replacement-parts,0,,,,4wp-us-S8,"Replacement Parts",cat1440216,,,,,,,,,
234,http://transamericanautoparts.local/category/suspension-parts/,"Suspension Parts",suspension-parts,,324,"Replacement Parts",replacement-parts,0,,,,4wp-us-S8,"Replacement Parts",4wp-us-SC573,,,,,,,,,
235,http://transamericanautoparts.local/category/fuel-parts/,"Fuel Parts",fuel-parts,,324,"Replacement Parts",replacement-parts,0,,,,4wp-us-S8,"Replacement Parts",4wp-us-SC588,,,,,,,,,
236,http://transamericanautoparts.local/category/exhaust/,Exhaust,exhaust,,324,"Replacement Parts",replacement-parts,0,,,,4wp-us-S8,"Replacement Parts",4wp-us-SC586,,,,,,,,,
237,http://transamericanautoparts.local/category/air-intake-parts/,"Air Intake Parts",air-intake-parts,,324,"Replacement Parts",replacement-parts,0,,,,4wp-us-S8,"Replacement Parts",4wp-us-SC596,,,,,,,,,
238,http://transamericanautoparts.local/category/steering-column-parts/,"Steering Column Parts",steering-column-parts,,324,"Replacement Parts",replacement-parts,0,,,,4wp-us-S8,"Replacement Parts",4wp-us-SC594,,,,,,,,,
239,http://transamericanautoparts.local/category/transmission-parts/,"Transmission Parts",transmission-parts,,324,"Replacement Parts",replacement-parts,0,,,,4wp-us-S8,"Replacement Parts",4wp-us-SC598,,,,,,,,,
240,http://transamericanautoparts.local/category/clutch-parts/,"Clutch Parts",clutch-parts,,324,"Replacement Parts",replacement-parts,0,,,,4wp-us-S8,"Replacement Parts",4wp-us-SC576,,,,,,,,,
241,http://transamericanautoparts.local/category/replacement-tailgate-parts/,"Replacement Tailgate Parts",replacement-tailgate-parts,,324,"Replacement Parts",replacement-parts,0,,,,4wp-us-S8,"Replacement Parts",4wp-us-SC595,,,,,,,,,
242,http://transamericanautoparts.local/category/lighting-parts/,"Lighting Parts",lighting-parts,,324,"Replacement Parts",replacement-parts,0,,,,4wp-us-S8,"Replacement Parts",4wp-us-SC589,,,,,,,,,
243,http://transamericanautoparts.local/category/steering-parts/,"Steering Parts",steering-parts,,324,"Replacement Parts",replacement-parts,0,,,,4wp-us-S8,"Replacement Parts",4wp-us-SC574,,,,,,,,,
244,http://transamericanautoparts.local/category/air-conditioning-parts/,"Air Conditioning Parts",air-conditioning-parts,,324,"Replacement Parts",replacement-parts,0,,,,4wp-us-S8,"Replacement Parts",4wp-us-SC591,,,,,,,,,
245,http://transamericanautoparts.local/category/engine-parts/,"Engine Parts",engine-parts,,324,"Replacement Parts",replacement-parts,0,,,,4wp-us-S8,"Replacement Parts",4wp-us-SC585,,,,,,,,,
246,http://transamericanautoparts.local/category/heating-parts/,"Heating Parts",heating-parts,,324,"Replacement Parts",replacement-parts,0,,,,4wp-us-S8,"Replacement Parts",4wp-us-SC580,,,,,,,,,
247,http://transamericanautoparts.local/category/interior-trim-panels/,"Interior Trim Panels",interior-trim-panels,,324,"Replacement Parts",replacement-parts,0,,,,4wp-us-S8,"Replacement Parts",4wp-us-19014,,,,,,,,,
248,http://transamericanautoparts.local/category/nerf-bars-steps/,"Nerf Bars &amp; Steps",nerf-bars-steps,,325,"Side Steps &amp; Running Boards",side-steps-running-boards,0,,,,4wp-us-C70,"Side Steps & Running Boards",4wp-us-SC75,,,,,,,,,
249,http://transamericanautoparts.local/category/rock-sliders/,"Rock Sliders",rock-sliders,,325,"Side Steps &amp; Running Boards",side-steps-running-boards,0,,,,4wp-us-C70,"Side Steps & Running Boards",cat2310001,,,,,,,,,
250,http://transamericanautoparts.local/category/running-boards/,"Running Boards",running-boards,,325,"Side Steps &amp; Running Boards",side-steps-running-boards,0,,,,4wp-us-C70,"Side Steps & Running Boards",4wp-us-SC86,,,,,,,,,
251,http://transamericanautoparts.local/category/electric-steps-running-boards/,"Electric Steps &amp; Running Boards",electric-steps-running-boards,,325,"Side Steps &amp; Running Boards",side-steps-running-boards,0,,,,4wp-us-C70,"Side Steps & Running Boards",cat1130228,,,,,,,,,
252,http://transamericanautoparts.local/category/wheels/,Wheels,wheels,,326,"Tires &amp; Wheels",tires-wheels,0,,,,4wp-us-C11,"Tires & Wheels",4wp-us-7644,,,,,,,,,
253,http://transamericanautoparts.local/category/tires/,Tires,tires,,326,"Tires &amp; Wheels",tires-wheels,0,,,,4wp-us-C11,"Tires & Wheels",4wp-us-7636,,,,,,,,,
254,http://transamericanautoparts.local/category/tire-wheel-accessories/,"Tire &amp; Wheel Accessories",tire-wheel-accessories,,326,"Tires &amp; Wheels",tires-wheels,0,,,,4wp-us-C11,"Tires & Wheels",4wp-us-SC107,,,,,,,,,
255,http://transamericanautoparts.local/category/tire-wheel-packages/,"Tire &amp; Wheel Packages",tire-wheel-packages,,326,"Tires &amp; Wheels",tires-wheels,0,,,,4wp-us-C11,"Tires & Wheels",4wp-us-18468,,,,,,,,,
256,http://transamericanautoparts.local/category/truck-bed-lighting/,"Truck Bed Lighting",truck-bed-lighting,,327,"Tonneau Covers &amp; Truck Bed Covers",tonneau-covers-truck-bed-covers,0,,,,cat1120300,"Tonneau Covers & Truck Bed Covers",4wp-us-10018,,,,,,,,,
257,http://transamericanautoparts.local/category/tonneau-cover-cleaners-and-protectants/,"Tonneau Cover Cleaners and Protectants",tonneau-cover-cleaners-and-protectants,,327,"Tonneau Covers &amp; Truck Bed Covers",tonneau-covers-truck-bed-covers,0,,,,cat1120300,"Tonneau Covers & Truck Bed Covers",4wp-us-14591,,,,,,,,,
258,http://transamericanautoparts.local/category/truck-bed-tool-boxes-storage/,"Truck Bed Tool Boxes &amp; Storage",truck-bed-tool-boxes-storage,,327,"Tonneau Covers &amp; Truck Bed Covers",tonneau-covers-truck-bed-covers,0,,,,cat1120300,"Tonneau Covers & Truck Bed Covers",4wp-us-19908,,,,,,,,,
259,http://transamericanautoparts.local/category/tonneau-cover/,"Tonneau Cover",tonneau-cover,,327,"Tonneau Covers &amp; Truck Bed Covers",tonneau-covers-truck-bed-covers,0,,,,cat1120300,"Tonneau Covers & Truck Bed Covers",4wp-us-1188,,,,,,,,,
260,http://transamericanautoparts.local/category/tonneau-cover-hardware/,"Tonneau Cover Hardware",tonneau-cover-hardware,,327,"Tonneau Covers &amp; Truck Bed Covers",tonneau-covers-truck-bed-covers,0,,,,cat1120300,"Tonneau Covers & Truck Bed Covers",4wp-us-19894,,,,,,,,,
261,http://transamericanautoparts.local/category/truck-bed-organizer/,"Truck Bed Organizer",truck-bed-organizer,,327,"Tonneau Covers &amp; Truck Bed Covers",tonneau-covers-truck-bed-covers,0,,,,cat1120300,"Tonneau Covers & Truck Bed Covers",4wp-us-18353,,,,,,,,,
262,http://transamericanautoparts.local/category/truck-bed-mats-liners/,"Truck Bed Mats &amp; Liners",truck-bed-mats-liners,,327,"Tonneau Covers &amp; Truck Bed Covers",tonneau-covers-truck-bed-covers,0,,,,cat1120300,"Tonneau Covers & Truck Bed Covers",4wp-us-10668,,,,,,,,,
263,http://transamericanautoparts.local/category/tailgate-mats-and-seals/,"Tailgate Mats and Seals",tailgate-mats-and-seals,,327,"Tonneau Covers &amp; Truck Bed Covers",tonneau-covers-truck-bed-covers,0,,,,cat1120300,"Tonneau Covers & Truck Bed Covers",4wp-us-16121,,,,,,,,,
264,http://transamericanautoparts.local/category/truck-bed-racks/,"Truck Bed Racks",truck-bed-racks,,327,"Tonneau Covers &amp; Truck Bed Covers",tonneau-covers-truck-bed-covers,0,,,,cat1120300,"Tonneau Covers & Truck Bed Covers",cat1450003,,,,,,,,,
265,http://transamericanautoparts.local/category/truck-bed-security/,"Truck Bed Security",truck-bed-security,,327,"Tonneau Covers &amp; Truck Bed Covers",tonneau-covers-truck-bed-covers,0,,,,cat1120300,"Tonneau Covers & Truck Bed Covers",cat1450001,,,,,,,,,
266,http://transamericanautoparts.local/category/wind-jammers-wind-stoppers-dusters-covers/,"Wind Jammers, Wind Stoppers, Dusters &amp; Covers",wind-jammers-wind-stoppers-dusters-covers,,328,"Tops &amp; Door Accessories",tops-door-accessories,0,,,,4wp-us-S6,"Tops & Door Accessories",4wp-us-SC463,,,,,,,,,
267,http://transamericanautoparts.local/category/brief-tops/,"Brief Tops",brief-tops,,328,"Tops &amp; Door Accessories",tops-door-accessories,0,,,,4wp-us-S6,"Tops & Door Accessories",4wp-us-48529,,,,,,,,,
268,http://transamericanautoparts.local/category/cab-covers/,"Cab Covers",cab-covers,,328,"Tops &amp; Door Accessories",tops-door-accessories,0,,,,4wp-us-S6,"Tops & Door Accessories",4wp-us-SC472,,,,,,,,,
269,http://transamericanautoparts.local/category/soft-top-accessories/,"Soft Top Accessories",soft-top-accessories,,328,"Tops &amp; Door Accessories",tops-door-accessories,0,,,,4wp-us-S6,"Tops & Door Accessories",4wp-us-SC461,,,,,,,,,
270,http://transamericanautoparts.local/category/cargo-nets/,"Cargo Nets",cargo-nets,,328,"Tops &amp; Door Accessories",tops-door-accessories,0,,,,4wp-us-S6,"Tops & Door Accessories",4wp-us-SC570,,,,,,,,,
271,http://transamericanautoparts.local/category/soft-tops/,"Soft Tops",soft-tops,,328,"Tops &amp; Door Accessories",tops-door-accessories,0,,,,4wp-us-S6,"Tops & Door Accessories",4wp-us-SC459,,,,,,,,,
272,http://transamericanautoparts.local/category/hardtop-accessories/,"Hardtop Accessories",hardtop-accessories,,328,"Tops &amp; Door Accessories",tops-door-accessories,0,,,,4wp-us-S6,"Tops & Door Accessories",4wp-us-SC508,,,,,,,,,
273,http://transamericanautoparts.local/category/hardtops/,Hardtops,hardtops,,328,"Tops &amp; Door Accessories",tops-door-accessories,0,,,,4wp-us-S6,"Tops & Door Accessories",4wp-us-SC460,,,,,,,,,
274,http://transamericanautoparts.local/category/window-kits/,"Window Kits",window-kits,,328,"Tops &amp; Door Accessories",tops-door-accessories,0,,,,4wp-us-S6,"Tops & Door Accessories",4wp-us-SC462,,,,,,,,,
275,http://transamericanautoparts.local/category/truck-soft-tops/,"Truck Soft Tops",truck-soft-tops,,328,"Tops &amp; Door Accessories",tops-door-accessories,0,,,,4wp-us-S6,"Tops & Door Accessories",cat1210038,,,,,,,,,
276,http://transamericanautoparts.local/category/cargo-management/,"Cargo Management",cargo-management,,329,Towing,towing,0,,,,4wp-us-C67,Towing,4wp-us-SC414,,,,,,,,,
277,http://transamericanautoparts.local/category/brake-controllers-electrical/,"Brake Controllers &amp; Electrical",brake-controllers-electrical,,329,Towing,towing,0,,,,4wp-us-C67,Towing,4wp-us-SC484,,,,,,,,,
278,http://transamericanautoparts.local/category/towing-accessories/,"Towing Accessories",towing-accessories,,329,Towing,towing,0,,,,4wp-us-C67,Towing,4wp-us-SC111,,,,,,,,,
279,http://transamericanautoparts.local/category/drop-hitches-ball-mounts/,"Drop Hitches &amp; Ball Mounts",drop-hitches-ball-mounts,,329,Towing,towing,0,,,,4wp-us-C67,Towing,4wp-us-SC419,,,,,,,,,
280,http://transamericanautoparts.local/category/mud-flaps/,"Mud Flaps",mud-flaps,,329,Towing,towing,0,,,,4wp-us-C67,Towing,4wp-us-SC485,,,,,,,,,
281,http://transamericanautoparts.local/category/trailer-hitch-covers/,"Trailer Hitch Covers",trailer-hitch-covers,,329,Towing,towing,0,,,,4wp-us-C67,Towing,4wp-us-SC342,,,,,,,,,
282,http://transamericanautoparts.local/category/hitches/,Hitches,hitches,,329,Towing,towing,0,,,,4wp-us-C67,Towing,4wp-us-SC59,,,,,,,,,
283,http://transamericanautoparts.local/category/load-leveling-kits-components/,"Load Leveling Kits &amp; Components",load-leveling-kits-components,,329,Towing,towing,0,,,,4wp-us-C67,Towing,4wp-us-SC2,,,,,,,,,
284,http://transamericanautoparts.local/category/truck-bed-ramps/,"Truck Bed Ramps",truck-bed-ramps,,329,Towing,towing,0,,,,4wp-us-C67,Towing,4wp-us-SC261,,,,,,,,,
285,http://transamericanautoparts.local/category/utv-atv-plows-accessories/,"UTV/ATV Plows &amp; Accessories",utv-atv-plows-accessories,,330,"UTV Parts &amp; Accessories",utv-parts-accessories,0,,,,cat440002,"UTV Parts & Accessories",4wp-us-SC10,,,,,,,,,
286,http://transamericanautoparts.local/category/utv-tires-wheels/,"UTV Tires &amp; Wheels",utv-tires-wheels,,330,"UTV Parts &amp; Accessories",utv-parts-accessories,0,,,,cat440002,"UTV Parts & Accessories",cat1450322,,,,,,,,,
287,http://transamericanautoparts.local/category/utv-audio-speakers/,"UTV Audio &amp; Speakers",utv-audio-speakers,,330,"UTV Parts &amp; Accessories",utv-parts-accessories,0,,,,cat440002,"UTV Parts & Accessories",cat1130175,,,,,,,,,
288,http://transamericanautoparts.local/category/utv-interior-accessories/,"UTV Interior Accessories",utv-interior-accessories,,330,"UTV Parts &amp; Accessories",utv-parts-accessories,0,,,,cat440002,"UTV Parts & Accessories",4wp-us-SC38,,,,,,,,,
289,http://transamericanautoparts.local/category/utv-lighting-whips/,"UTV Lighting &amp; Whips",utv-lighting-whips,,330,"UTV Parts &amp; Accessories",utv-parts-accessories,0,,,,cat440002,"UTV Parts & Accessories",4wp-us-SC503,,,,,,,,,
290,http://transamericanautoparts.local/category/utv-atv-winches-towing/,"UTV/ATV Winches &amp; Towing",utv-atv-winches-towing,,330,"UTV Parts &amp; Accessories",utv-parts-accessories,0,,,,cat440002,"UTV Parts & Accessories",cat1420020,,,,,,,,,
291,http://transamericanautoparts.local/category/utv-suspension-axles/,"UTV Suspension &amp; Axles",utv-suspension-axles,,330,"UTV Parts &amp; Accessories",utv-parts-accessories,0,,,,cat440002,"UTV Parts & Accessories",4wp-us-SC300,,,,,,,,,
292,http://transamericanautoparts.local/category/utv-seats-harnesses/,"UTV Seats &amp; Harnesses",utv-seats-harnesses,,330,"UTV Parts &amp; Accessories",utv-parts-accessories,0,,,,cat440002,"UTV Parts & Accessories",cat1130490,,,,,,,,,
293,http://transamericanautoparts.local/category/utv-exterior-accessories/,"UTV Exterior Accessories",utv-exterior-accessories,,330,"UTV Parts &amp; Accessories",utv-parts-accessories,0,,,,cat440002,"UTV Parts & Accessories",4wp-us-SC564,,,,,,,,,
294,http://transamericanautoparts.local/category/utv-cages-bumpers-armor/,"UTV Cages, Bumpers &amp; Armor",utv-cages-bumpers-armor,,330,"UTV Parts &amp; Accessories",utv-parts-accessories,0,,,,cat440002,"UTV Parts & Accessories",cat1130238,,,,,,,,,
295,http://transamericanautoparts.local/category/utv-outdoor-lifestyle/,"UTV Outdoor &amp; Lifestyle",utv-outdoor-lifestyle,,330,"UTV Parts &amp; Accessories",utv-parts-accessories,0,,,,cat440002,"UTV Parts & Accessories",cat1420023,,,,,,,,,
296,http://transamericanautoparts.local/category/utv-helmets-communication/,"UTV Helmets &amp; Communication",utv-helmets-communication,,330,"UTV Parts &amp; Accessories",utv-parts-accessories,0,,,,cat440002,"UTV Parts & Accessories",4wp-us-SC209,,,,,,,,,
297,http://transamericanautoparts.local/category/utv-performance/,"UTV Performance",utv-performance,,330,"UTV Parts &amp; Accessories",utv-parts-accessories,0,,,,cat440002,"UTV Parts & Accessories",4wp-us-SC451,,,,,,,,,
298,http://transamericanautoparts.local/category/winch-accessories/,"Winch Accessories",winch-accessories,,331,"Winches &amp; Winch Accessories",winches-winch-accessories,0,,,,4wp-us-S2,"Winches & Winch Accessories",4wp-us-SC124,,,,,,,,,
299,http://transamericanautoparts.local/category/bumper-winch-mounting-kits/,"Bumper &amp; Winch Mounting Kits",bumper-winch-mounting-kits,,331,"Winches &amp; Winch Accessories",winches-winch-accessories,0,,,,4wp-us-S2,"Winches & Winch Accessories",4wp-us-SC126,,,,,,,,,
300,http://transamericanautoparts.local/category/trail-jacks-vehicle-recovery-equipment/,"Trail Jacks &amp; Vehicle Recovery Equipment",trail-jacks-vehicle-recovery-equipment,,331,"Winches &amp; Winch Accessories",winches-winch-accessories,0,,,,4wp-us-S2,"Winches & Winch Accessories",4wp-us-SC190,,,,,,,,,
301,http://transamericanautoparts.local/category/atv-utv-utility-winches/,"ATV - UTV &amp; Utility Winches",atv-utv-utility-winches,,331,"Winches &amp; Winch Accessories",winches-winch-accessories,0,,,,4wp-us-S2,"Winches & Winch Accessories",cat1130266,,,,,,,,,
302,http://transamericanautoparts.local/category/electric-recovery-winches/,"Electric Recovery Winches",electric-recovery-winches,,331,"Winches &amp; Winch Accessories",winches-winch-accessories,0,,,,4wp-us-S2,"Winches & Winch Accessories",4wp-us-1240,,,,,,,,,
303,http://transamericanautoparts.local/category/utility-winches/,"Utility Winches",utility-winches,,331,"Winches &amp; Winch Accessories",winches-winch-accessories,0,,,,4wp-us-S2,"Winches & Winch Accessories",cat1450078,,,,,,,,,
304,http://transamericanautoparts.local/category/industrial-winches/,"Industrial Winches",industrial-winches,,331,"Winches &amp; Winch Accessories",winches-winch-accessories,0,,,,4wp-us-S2,"Winches & Winch Accessories",cat1450079,,,,,,,,,
305,http://transamericanautoparts.local/category/hydraulic-recovery-winches/,"Hydraulic Recovery Winches",hydraulic-recovery-winches,,331,"Winches &amp; Winch Accessories",winches-winch-accessories,0,,,,4wp-us-S2,"Winches & Winch Accessories",cat1450080,,,,,,,,,
306,http://transamericanautoparts.local/category/air-compressors-air-tanks-air-accessories/,"Air Compressors, Air Tanks &amp; Air Accessories",air-compressors-air-tanks-air-accessories,,0,,,0,,,,4wp-us-C89,,,,,,,,,,,
307,http://transamericanautoparts.local/category/apparel-books-dvds/,"Apparel, Books &amp; DVDs",apparel-books-dvds,,0,,,0,,,,4wp-us-C85,,,,,,,,"This is the Short Description section. It goes above the subcategories and above the Manual Merchandising/Banner Ad section. It is useful to help the user know what to expect on this category page. It's also good for SEO, but there's room below the subcategories for more SEO text.","<h2>This is the Long Description Section - Mainly for SEO</h2>
This section is very useful for longer SEO text related to this category. It can be broken down even further with headers and more paragraphs.

&nbsp;
<h3>An h3 Heading</h3>
<p class=""p1"">Lorem ipsum dolor sit amet, consectetur adipiscing elit, sed do eiusmod tempor incididunt ut labore et dolore magna aliqua. A quis risus sed vulputate. Consectetur libero id faucibus nisl. Aliquam sem fringilla ut morbi tincidunt augue interdum velit. Magna fermentum iaculis eu non diam phasellus vestibulum lorem sed. Diam vel quam elementum pulvinar etiam non quam lacus. Varius duis at consectetur lorem donec massa. Lobortis mattis aliquam faucibus purus in massa.</p>
<p class=""p1"">Lorem ipsum dolor sit amet, consectetur adipiscing elit, sed do eiusmod tempor incididunt ut labore et dolore magna aliqua. At quis risus sed vulputate. Consectetur libero id faucibus nisl. Aliquam sem fringilla ut morbi tincidunt augue interdum velit. Magna fermentum iaculis eu non diam phasellus vestibulum lorem sed. Diam vel quam elementum pulvinar etiam non quam acus. Varius duis at consectetur lorem donec massa. Lobortis mattis aliquam faucibus purus in massa.</p>",0,
308,http://transamericanautoparts.local/category/armor-protection/,"Armor &amp; Protection",armor-protection,,0,,,0,,,,4wp-us-C79,,,,,,,,,,,
309,http://transamericanautoparts.local/category/atv-parts-accessories/,"ATV Parts &amp; Accessories",atv-parts-accessories,,0,,,0,,,,4wp-us-C66,,,,,,,,,,,
310,http://transamericanautoparts.local/category/body-parts-roll-cages-frames/,"Body Parts, Roll Cages &amp; Frames",body-parts-roll-cages-frames,,0,,,0,,,,4wp-us-C81,,,,,,,,,,,
311,http://transamericanautoparts.local/category/brakes-steering/,"Brakes &amp; Steering",brakes-steering,,0,,,0,,,,4wp-us-C65,,,,,,,,,,,
312,http://transamericanautoparts.local/category/bumpers-tire-carriers-winch-mounts/,"Bumpers, Tire Carriers &amp; Winch Mounts",bumpers-tire-carriers-winch-mounts,,0,,,0,,,,4wp-us-C64,,,,,,,,,,,
313,http://transamericanautoparts.local/category/doors-door-accessories/,"Doors &amp; Door Accessories",doors-door-accessories,,0,,,0,,,,4wp-us-C87,,,,,,,,,,,
314,http://transamericanautoparts.local/category/drivetrain-differential/,"Drivetrain &amp; Differential",drivetrain-differential,,0,,,0,,,,4wp-us-C12,,,,,,,,,,,
315,http://transamericanautoparts.local/category/exterior-parts/,"Exterior Parts",exterior-parts,,0,,,0,,,,4wp-us-S3,,,,,,,,,,,
316,http://transamericanautoparts.local/category/fabrication-tools/,"Fabrication &amp; Tools",fabrication-tools,,0,,,0,,,,4wp-us-C86,,,,,,,,,,,
317,http://transamericanautoparts.local/category/fenders-flares/,"Fenders &amp; Flares",fenders-flares,,0,,,0,,,,4wp-us-C80,,,,,,,,,,,
318,http://transamericanautoparts.local/category/heating-cooling/,"Heating &amp; Cooling",heating-cooling,,0,,,0,,,,4wp-us-C84,,,,,,,,,,,
319,http://transamericanautoparts.local/category/interior-parts-accessories/,"Interior Parts &amp; Accessories",interior-parts-accessories,,0,,,0,,,,4wp-us-S7,,,,,,,,,,,
320,http://transamericanautoparts.local/category/lift-kits-suspension-shocks/,"Lift Kits, Suspension &amp; Shocks",lift-kits-suspension-shocks,,0,,,0,,,,cat1120291,,,,,,,,,,,
321,http://transamericanautoparts.local/category/lighting-lighting-accessories/,"Lighting &amp; Lighting Accessories",lighting-lighting-accessories,,0,,,0,,,,4wp-us-C14,,,,,,,,,,,
322,http://transamericanautoparts.local/category/overlanding-camping/,"Overlanding &amp; Camping",overlanding-camping,,0,,,0,,,,4wp-us-C88,,,,,,,,,,,
323,http://transamericanautoparts.local/category/performance-parts/,"Performance Parts",performance-parts,,0,,,0,,,,4wp-us-S4,,,,,,,,,,,
324,http://transamericanautoparts.local/category/replacement-parts/,"Replacement Parts",replacement-parts,,0,,,0,,,,4wp-us-S8,,,,,,,,,,,
325,http://transamericanautoparts.local/category/side-steps-running-boards/,"Side Steps &amp; Running Boards",side-steps-running-boards,,0,,,0,,,,4wp-us-C70,,,,,,,,,,,
326,http://transamericanautoparts.local/category/tires-wheels/,"Tires &amp; Wheels",tires-wheels,,0,,,0,,,,4wp-us-C11,,,,,,,,,,,
327,http://transamericanautoparts.local/category/tonneau-covers-truck-bed-covers/,"Tonneau Covers &amp; Truck Bed Covers",tonneau-covers-truck-bed-covers,,0,,,0,,,,cat1120300,,,,,,,,,,,
328,http://transamericanautoparts.local/category/tops-door-accessories/,"Tops &amp; Door Accessories",tops-door-accessories,,0,,,0,,,,4wp-us-S6,,,,,,,,,,,
329,http://transamericanautoparts.local/category/towing/,Towing,towing,,0,,,0,,,,4wp-us-C67,,,,,,,,,,,
330,http://transamericanautoparts.local/category/utv-parts-accessories/,"UTV Parts &amp; Accessories",utv-parts-accessories,,0,,,0,,,,cat440002,,,,,,,,,,,
331,http://transamericanautoparts.local/category/winches-winch-accessories/,"Winches &amp; Winch Accessories",winches-winch-accessories,,0,,,0,,,,4wp-us-S2,,,,,,,,,,,
