PRODUCT_GROUP_ID,PRODUCT_GROUP_NAME,CATEGORY_ID,CATEGORY_NAME,SUBCATEGORY_ID,SUBCATEGORY_NAME,PARTTYPE_ID,PARTTYPE_NAME,Pro Comp Category,Pro Comp Subcategory,Pro Comp Subcategory 2,Pro Comp Subcategory 3
19371,Pro Comp T-Shirts,4wp-us-C85,"Apparel, Books & DVDs",4wp-us-SC416,Apparel,4wp-us-14269,T-Shirts and Tank Tops,Accessories,Apparel,,
prod880021,Pro Comp Flex Fit Baseball Caps,4wp-us-C85,"Apparel, Books & DVDs",4wp-us-SC416,Apparel,4wp-us-14636,Hats and Beanies,Accessories,Apparel,,
prod1530027,Pro Comp LED Motorsports Lights,4wp-us-C14,Lighting & Lighting Accessories,cat1120283,"Offroad Racing, Fog & Driving Lights",cat1850001,Driving Lights,Lights,Driving Lights,,
prod3670001,Pro Comp LED Fog Lights,4wp-us-C14,Lighting & Lighting Accessories,cat1120283,"Offroad Racing, Fog & Driving Lights",cat1850002,Fog Lights,Lights,Fog Lights,,
9491,Pro Comp Suspension Replacement Cover,4wp-us-C14,Lighting & Lighting Accessories,4wp-us-SC69,Lighting Accessories,4wp-us-1052,Lens Covers and Shields,Lights,Headlights & Conversions,,
19486,Pro Comp Suspension Tail Light LED Mount Bracket,4wp-us-C14,Lighting & Lighting Accessories,4wp-us-SC67,"Replacement Headlights, Tail Lights & Bulbs",cat1440392,Tail & Brake Lights,Lights,Headlights & Conversions,,
9324,Pro Comp LED Headlights,4wp-us-C14,Lighting & Lighting Accessories,4wp-us-SC67,"Replacement Headlights, Tail Lights & Bulbs",cat1440390,"Headlights, Housings and Conversions",Lights,Headlights & Conversions,,
9350,Pro Comp Light Mounting Bars,4wp-us-C14,Lighting & Lighting Accessories,cat1120283,"Offroad Racing, Fog & Driving Lights",cat1860001,Light Bars,Lights,LED Light Bars,,
9338,Pro Comp LED Light Bars,4wp-us-C14,Lighting & Lighting Accessories,cat1120283,"Offroad Racing, Fog & Driving Lights",cat1860001,Light Bars,Lights,LED Light Bars,,
9437,Pro Comp Fog Light Mount Kits,4wp-us-C14,Lighting & Lighting Accessories,cat1120289,Light Mounting Brackets & Cradles,cat2110005,Fog Light Mounts,Lights,LED Light Cubes,,
9444,Pro Comp Roof Light Mounts,4wp-us-C14,Lighting & Lighting Accessories,cat1120289,Light Mounting Brackets & Cradles,cat2110003,Roof and Windshield Lighting Mounts,Lights,LED Light Cubes,,
prod1460004,Pro Comp LED Light Pods,4wp-us-C14,Lighting & Lighting Accessories,cat1120283,"Offroad Racing, Fog & Driving Lights",cat1850005,Light Pods,Lights,LED Light Cubes,,
9352,Pro Comp Explorer Driving Lights,4wp-us-C14,Lighting & Lighting Accessories,cat1120283,"Offroad Racing, Fog & Driving Lights",cat1850001,Driving Lights,Lights,LED Light Cubes,,
9507,Pro Comp Light Switch Kits,4wp-us-C14,Lighting & Lighting Accessories,4wp-us-SC69,Lighting Accessories,cat1450030,Fog/Driving Light Wiring Kit,Lights,Light Wiring Kits,,
prod1530029,Pro Comp Rock Lights,4wp-us-C14,Lighting & Lighting Accessories,cat1120283,"Offroad Racing, Fog & Driving Lights",cat1860002,Offroad Auxiliary Lights,Lights,Rock Lights,,
9322,Pro Comp Degree Shims,4wp-us-C12,Drivetrain & Differential,4wp-us-SC514,OEM Replacement Axle Parts,4wp-us-14616,Axle Shims,Suspension,Drive Shafts & Components,,
9454,Pro Comp Tail Shaft Conversion Kits,4wp-us-C12,Drivetrain & Differential,4wp-us-SC512,Transfer Case Upgrades & Crawl Boxes,4wp-us-14118,Transfer Case Slip Yoke Eliminator Kits and Hardware,Suspension,Drive Shafts & Components,,
prod1690003,Pro Comp 4 Link Conversion Kits,cat1120291,"Lift Kits, Suspension & Shocks",4wp-us-SC101,Suspension Accessories,cat1450067,Axle Truss Bolt-On,Suspension,Drive Shafts & Components,,
9512,Pro Comp Suspension U-Bolts,cat1120291,"Lift Kits, Suspension & Shocks",4wp-us-SC101,Suspension Accessories,4wp-us-18796,Axle U-Bolt,Suspension,Drive Shafts & Components,,
9487,Pro Comp U-Bolt Kits,cat1120291,"Lift Kits, Suspension & Shocks",4wp-us-SC101,Suspension Accessories,4wp-us-7452,Axle U-Bolt Kit,Suspension,Drive Shafts & Components,,
9420,Pro Comp Carrier Bearing Drop Brackets,4wp-us-C12,Drivetrain & Differential,4wp-us-SC515,Drive Shafts & Drive Shaft Components,4wp-us-14620,Drive Shaft Shim Kit,Suspension,Drive Shafts & Components,,
9428,Pro Comp CV-Style Drive Shafts,4wp-us-C12,Drivetrain & Differential,4wp-us-SC515,Drive Shafts & Drive Shaft Components,4wp-us-2308,Drive Shafts,Suspension,Drive Shafts & Components,,
9452,Pro Comp Drive Shafts,4wp-us-C12,Drivetrain & Differential,4wp-us-SC515,Drive Shafts & Drive Shaft Components,4wp-us-2308,Drive Shafts,Suspension,Drive Shafts & Components,,
9439,Pro Comp Suspension Front Drive Shaft Upgrade Kits,4wp-us-C12,Drivetrain & Differential,4wp-us-SC515,Drive Shafts & Drive Shaft Components,4wp-us-2308,Drive Shafts,Suspension,Drive Shafts & Components,,
9342,Pro Comp Level Lift Strut Extensions,cat1120291,"Lift Kits, Suspension & Shocks",4wp-us-SC358,Leveling Kits,4wp-us-10940,Strut Spacers,Suspension,Leveling Kits,,
9341,Pro Comp Level Lift Nitro Kits,cat1120291,"Lift Kits, Suspension & Shocks",4wp-us-SC358,Leveling Kits,4wp-us-15222,Suspension Leveling Kits,Suspension,Leveling Kits,,
9408,Pro Comp Pro Runner Adjustable Leveling Collars,cat1120291,"Lift Kits, Suspension & Shocks",4wp-us-SC358,Leveling Kits,4wp-us-15222,Suspension Leveling Kits,Suspension,Leveling Kits,,
9445,Pro Comp Leveling Kits,cat1120291,"Lift Kits, Suspension & Shocks",4wp-us-SC358,Leveling Kits,4wp-us-15222,Suspension Leveling Kits,Suspension,Leveling Kits,,
9344,Pro Comp Level Lift Torsion Keys,cat1120291,"Lift Kits, Suspension & Shocks",4wp-us-SC358,Leveling Kits,4wp-us-15740,Torsion Bar Key,Suspension,Leveling Kits,,
9345,Pro Comp Basic Lift Kits,cat1120291,"Lift Kits, Suspension & Shocks",4wp-us-18833,Complete Suspension Systems and Lift Kits,,,Suspension,Lift Kits,,
9459,Pro Comp Pro Runner Performance Lift Kits,cat1120291,"Lift Kits, Suspension & Shocks",4wp-us-18833,Complete Suspension Systems and Lift Kits,,,Suspension,Lift Kits,,
prod1530024,Pro Comp Stage III Lift Kits,cat1120291,"Lift Kits, Suspension & Shocks",4wp-us-18833,Complete Suspension Systems and Lift Kits,,,Suspension,Lift Kits,,
9387,Pro Comp Stage I Lift Kits,cat1120291,"Lift Kits, Suspension & Shocks",4wp-us-18833,Complete Suspension Systems and Lift Kits,,,Suspension,Lift Kits,,
9383,Pro Comp Long Arm Lift Kits,cat1120291,"Lift Kits, Suspension & Shocks",4wp-us-18833,Complete Suspension Systems and Lift Kits,,,Suspension,Lift Kits,,
9388,Pro Comp Stage II Lift Kits,cat1120291,"Lift Kits, Suspension & Shocks",4wp-us-18833,Complete Suspension Systems and Lift Kits,,,Suspension,Lift Kits,,
9389,Pro Comp Suspension Coil Spring Conversion Lift Kits,cat1120291,"Lift Kits, Suspension & Shocks",4wp-us-18833,Complete Suspension Systems and Lift Kits,,,Suspension,Lift Kits,,
9456,Pro Comp Pro Runner Long Travel Lift Kits,cat1120291,"Lift Kits, Suspension & Shocks",4wp-us-18833,Complete Suspension Systems and Lift Kits,,,Suspension,Lift Kits,,
9446,Pro Comp Multiple Shock Hoops,cat1120291,"Lift Kits, Suspension & Shocks",4wp-us-7556,Shock Absorbers & Shock Accessories,cat1450022,Multi Shock Bracket,Suspension,Shocks,,
9354,Pro Comp Suspension Optional Reservoir Shock Clamp,cat1120291,"Lift Kits, Suspension & Shocks",4wp-us-7556,Shock Absorbers & Shock Accessories,cat1450035,Remote Reservoir Mount Kit,Suspension,Shocks,,
9468,Pro Comp Shock Reservoir Mounting Kits,cat1120291,"Lift Kits, Suspension & Shocks",4wp-us-7556,Shock Absorbers & Shock Accessories,cat1450035,Remote Reservoir Mount Kit,Suspension,Shocks,,
9358,Pro Comp Shock Boots,cat1120291,"Lift Kits, Suspension & Shocks",4wp-us-7556,Shock Absorbers & Shock Accessories,4wp-us-10884,Shock Absorber Boot,Suspension,Shocks,,
9495,Pro Comp Shock Mount Conversion Kits,cat1120291,"Lift Kits, Suspension & Shocks",4wp-us-7556,Shock Absorbers & Shock Accessories,cat1450043,Shock Absorber Conversion Mount,Suspension,Shocks,,
prod1670009,Pro Comp Shock Extensions,cat1120291,"Lift Kits, Suspension & Shocks",4wp-us-7556,Shock Absorbers & Shock Accessories,4wp-us-15444,Shock Absorber Extension,Suspension,Shocks,,
9354,Pro Comp Suspension Optional Reservoir Shock Clamp,cat1120291,"Lift Kits, Suspension & Shocks",4wp-us-7556,Shock Absorbers & Shock Accessories,cat1450060,Shock Absorber Reservoir Isolator,Suspension,Shocks,,
9468,Pro Comp Shock Reservoir Mounting Kits,cat1120291,"Lift Kits, Suspension & Shocks",4wp-us-7556,Shock Absorbers & Shock Accessories,cat1450060,Shock Absorber Reservoir Isolator,Suspension,Shocks,,
9354,Pro Comp Suspension Optional Reservoir Shock Clamp,cat1120291,"Lift Kits, Suspension & Shocks",4wp-us-7556,Shock Absorbers & Shock Accessories,4wp-us-15175,Shock Absorber Reservoir Mount Clamps,Suspension,Shocks,,
9468,Pro Comp Shock Reservoir Mounting Kits,cat1120291,"Lift Kits, Suspension & Shocks",4wp-us-7556,Shock Absorbers & Shock Accessories,4wp-us-15175,Shock Absorber Reservoir Mount Clamps,Suspension,Shocks,,
9448,Pro Comp MX2.75C Series Coilover Shocks,cat1120291,"Lift Kits, Suspension & Shocks",4wp-us-7556,Shock Absorbers & Shock Accessories,cat1450061,Shock Absorbers,Suspension,Shocks,,
9457,Pro Comp Pro Runner Monotube Shocks,cat1120291,"Lift Kits, Suspension & Shocks",4wp-us-7556,Shock Absorbers & Shock Accessories,cat1450061,Shock Absorbers,Suspension,Shocks,,
9431,Pro Comp ES1000 Series Shocks,cat1120291,"Lift Kits, Suspension & Shocks",4wp-us-7556,Shock Absorbers & Shock Accessories,cat1450061,Shock Absorbers,Suspension,Shocks,,
9432,Pro Comp ES3000 Series Shocks,cat1120291,"Lift Kits, Suspension & Shocks",4wp-us-7556,Shock Absorbers & Shock Accessories,cat1450061,Shock Absorbers,Suspension,Shocks,,
9435,Pro Comp ES9000 Series Shocks,cat1120291,"Lift Kits, Suspension & Shocks",4wp-us-7556,Shock Absorbers & Shock Accessories,cat1450061,Shock Absorbers,Suspension,Shocks,,
9450,Pro Comp MX-6 Series Monotube Adjustable Reservoir Shocks,cat1120291,"Lift Kits, Suspension & Shocks",4wp-us-7556,Shock Absorbers & Shock Accessories,cat1450061,Shock Absorbers,Suspension,Shocks,,
prod870842,Pro Comp Pro Runner Remote Reservoir Shocks,cat1120291,"Lift Kits, Suspension & Shocks",4wp-us-7556,Shock Absorbers & Shock Accessories,cat1450061,Shock Absorbers,Suspension,Shocks,,
9433,Pro Comp ES4000 Toxic Series Shocks,cat1120291,"Lift Kits, Suspension & Shocks",4wp-us-7556,Shock Absorbers & Shock Accessories,cat1450061,Shock Absorbers,Suspension,Shocks,,
prod1250023,Pro Comp Black Series 2.0 Rear Shock Absorber,cat1120291,"Lift Kits, Suspension & Shocks",4wp-us-7556,Shock Absorbers & Shock Accessories,cat1450061,Shock Absorbers,Suspension,Shocks,,
9462,Pro Comp Pro Runner SS Monotube Shocks,cat1120291,"Lift Kits, Suspension & Shocks",4wp-us-7556,Shock Absorbers & Shock Accessories,cat1450061,Shock Absorbers,Suspension,Shocks,,
prod1250027,Pro Comp Black Series Coilover Shock Absorbers,cat1120291,"Lift Kits, Suspension & Shocks",4wp-us-7556,Shock Absorbers & Shock Accessories,cat1450061,Shock Absorbers,Suspension,Shocks,,
prod800443,Pro Comp ES3000 Shock Packages,cat1120291,"Lift Kits, Suspension & Shocks",4wp-us-7556,Shock Absorbers & Shock Accessories,cat1450061,Shock Absorbers,Suspension,Shocks,,
prod2300003,Pro Comp Pro Runner Monotube 2.5 Piggy Back Reservoir Shocks,cat1120291,"Lift Kits, Suspension & Shocks",4wp-us-7556,Shock Absorbers & Shock Accessories,cat1450061,Shock Absorbers,Suspension,Shocks,,
prod800444,Pro Comp ES9000 Shock Packages,cat1120291,"Lift Kits, Suspension & Shocks",4wp-us-7556,Shock Absorbers & Shock Accessories,cat1450061,Shock Absorbers,Suspension,Shocks,,
prod800446,Pro Comp Pro Runner Monotube Shock Packages,cat1120291,"Lift Kits, Suspension & Shocks",4wp-us-7556,Shock Absorbers & Shock Accessories,cat1450061,Shock Absorbers,Suspension,Shocks,,
9449,Pro Comp MX-6 Monotube Adjustable Shocks,cat1120291,"Lift Kits, Suspension & Shocks",4wp-us-7556,Shock Absorbers & Shock Accessories,cat1450061,Shock Absorbers,Suspension,Shocks,,
9434,Pro Comp ES6000 Series Struts,cat1120291,"Lift Kits, Suspension & Shocks",4wp-us-7556,Shock Absorbers & Shock Accessories,4wp-us-7584,Suspension Strut Assembly,Suspension,Shocks,,
prod800437,Pro Comp Pro Runner Front Struts and Rear Mono-Tube Shock Packages,cat1120291,"Lift Kits, Suspension & Shocks",4wp-us-7556,Shock Absorbers & Shock Accessories,4wp-us-7584,Suspension Strut Assembly,Suspension,Shocks,,
9455,Pro Comp Pitman Arms,4wp-us-C65,Brakes & Steering,4wp-us-SC430,Performance Steering Upgrades,4wp-us-7368,Pitman Arm,Suspension,Steering,,
9504,Pro Comp Suspension Steering Center Link Kit,4wp-us-C65,Brakes & Steering,4wp-us-SC430,Performance Steering Upgrades,cat1440002,Steering Upgrades and Drag Links,Suspension,Steering,,
9323,Pro Comp Adjustable Drag Links,4wp-us-C65,Brakes & Steering,4wp-us-SC430,Performance Steering Upgrades,cat1440002,Steering Upgrades and Drag Links,Suspension,Steering,,
9478,Pro Comp Steering Gearbox Braces,4wp-us-C65,Brakes & Steering,4wp-us-SC430,Performance Steering Upgrades,4wp-us-14113,Steering Gear Box Braces,Suspension,Steering,,
9503,Pro Comp Suspension Steering Center Hardware,4wp-us-C65,Brakes & Steering,4wp-us-SC430,Performance Steering Upgrades,cat1440002,Steering Upgrades and Drag Links,Suspension,Steering,,
9480,Pro Comp Tie Rod Reinforcing Sleeves,4wp-us-C65,Brakes & Steering,4wp-us-SC430,Performance Steering Upgrades,4wp-us-15316,Tie Rod Reinforcing Sleeve,Suspension,Steering,,
9477,Pro Comp Steering Arms,4wp-us-C65,Brakes & Steering,4wp-us-SC430,Performance Steering Upgrades,4wp-us-7492,Steering Arm,Suspension,Steering,,
prod1690001,Pro Comp Steering Knuckles,4wp-us-C65,Brakes & Steering,4wp-us-SC430,Performance Steering Upgrades,4wp-us-7496,Steering Knuckle,Suspension,Steering,,
9326,Pro Comp Dual Steering Stabilizer Kits,cat1120291,"Lift Kits, Suspension & Shocks",4wp-us-SC509,Steering Stabilizers,4wp-us-7412,Steering Stabilizer,Suspension,Steering Stablizers,,
9360,Pro Comp Suspension Pro Runner Single Steering Stabilizer Kit,cat1120291,"Lift Kits, Suspension & Shocks",4wp-us-SC509,Steering Stabilizers,4wp-us-7412,Steering Stabilizer,Suspension,Steering Stablizers,,
9470,Pro Comp Single Steering Stabilizer Kits,cat1120291,"Lift Kits, Suspension & Shocks",4wp-us-SC509,Steering Stabilizers,4wp-us-7412,Steering Stabilizer,Suspension,Steering Stablizers,,
9505,Pro Comp Steering Stabilizer Cylinder,cat1120291,"Lift Kits, Suspension & Shocks",4wp-us-SC509,Steering Stabilizers,4wp-us-7412,Steering Stabilizer,Suspension,Steering Stablizers,,
9461,Pro Comp Pro Runner Single Steering Stabilizers,cat1120291,"Lift Kits, Suspension & Shocks",4wp-us-SC509,Steering Stabilizers,4wp-us-7412,Steering Stabilizer,Suspension,Steering Stablizers,,
9429,Pro Comp Dual Steering Stabilizer Brackets,cat1120291,"Lift Kits, Suspension & Shocks",4wp-us-SC509,Steering Stabilizers,4wp-us-7420,Steering Stabilizer Bracket,Suspension,Steering Stablizers,,
9469,Pro Comp Steering Stabilizer Brackets,cat1120291,"Lift Kits, Suspension & Shocks",4wp-us-SC509,Steering Stabilizers,4wp-us-7420,Steering Stabilizer Bracket,Suspension,Steering Stablizers,,
9498,Pro Comp Suspension Skid Plates,4wp-us-C79,Armor & Protection,4wp-us-SC467,Skid Plates,,,Suspension,Suspension Accessories,,
prod790079,Pro Comp Roll Bar RAPZ,4wp-us-C81,"Body Parts, Roll Cages & Frames",4wp-us-SC493,Roll Cages & Related Parts,4wp-us-15283,Roll Bar Pads and Covers,Suspension,Suspension Accessories,,
9419,Pro Comp Brake Hose Kits,4wp-us-C65,Brakes & Steering,4wp-us-SC22,Brake Lines & Fittings,4wp-us-1792,Brake Hose,Suspension,Suspension Accessories,,
9493,Pro Comp Shock Absorber Bushings,cat1120291,"Lift Kits, Suspension & Shocks",4wp-us-SC20,Suspension Accessories,4wp-us-10885,Shock Absorber Bushing,Suspension,Suspension Accessories,,
9356,Pro Comp Alignment Cam Bolt Kits,cat1120291,"Lift Kits, Suspension & Shocks",4wp-us-SC101,Suspension Accessories,4wp-us-10399,Alignment Caster/Camber Kit,Suspension,Suspension Accessories,,
9420,Pro Comp Carrier Bearing Drop Brackets,cat1120291,"Lift Kits, Suspension & Shocks",4wp-us-SC101,Suspension Accessories,cat1450088,Carrier Bearing Drop,Suspension,Suspension Accessories,,
prod880020,Pro Comp Drive Shaft Spacers,cat1120291,"Lift Kits, Suspension & Shocks",4wp-us-SC101,Suspension Accessories,4wp-us-14621,Drive Shaft Spacer,Suspension,Suspension Accessories,,
9485,Pro Comp Transmission Crossmembers,cat1120291,"Lift Kits, Suspension & Shocks",4wp-us-SC101,Suspension Accessories,4wp-us-14172,Frame Crossmember,Suspension,Suspension Accessories,,
9347,Pro Comp Suspension Limit Straps,cat1120291,"Lift Kits, Suspension & Shocks",4wp-us-SC101,Suspension Accessories,cat1450157,Limiting Strap,Suspension,Suspension Accessories,,
9464,Pro Comp Radius Arm Brackets,cat1120291,"Lift Kits, Suspension & Shocks",4wp-us-SC101,Suspension Accessories,4wp-us-10408,Radius Arm Bracket,Suspension,Suspension Accessories,,
prod1690002,Pro Comp Leaf Spring Lift Shackles,cat1120291,"Lift Kits, Suspension & Shocks",4wp-us-SC101,Suspension Accessories,cat1450165,Shackle Reversal Kits,Suspension,Suspension Accessories,,
9495,Pro Comp Shock Mount Conversion Kits,cat1120291,"Lift Kits, Suspension & Shocks",4wp-us-SC101,Suspension Accessories,4wp-us-7572,Shock Absorber Mounting Kit,Suspension,Suspension Accessories,,
9319,Pro Comp Bump Stops,cat1120291,"Lift Kits, Suspension & Shocks",4wp-us-SC101,Suspension Accessories,4wp-us-7528,Suspension Control Arm Bumper,Suspension,Suspension Accessories,,
9315,Pro Comp Air Bump Stops,cat1120291,"Lift Kits, Suspension & Shocks",4wp-us-SC101,Suspension Accessories,4wp-us-7528,Suspension Control Arm Bumper,Suspension,Suspension Accessories,,
9332,Pro Comp Front Sway Bar Quick Disconnect Links,cat1120291,"Lift Kits, Suspension & Shocks",4wp-us-SC101,Suspension Accessories,4wp-us-13017,Sway Bar Link - Disconnect,Suspension,Suspension Accessories,,
9332,Pro Comp Front Sway Bar Quick Disconnect Links,cat1120291,"Lift Kits, Suspension & Shocks",4wp-us-SC101,Suspension Accessories,4wp-us-10737,Sway Bar Link - Non Disconnect,Suspension,Suspension Accessories,,
9506,Pro Comp Suspension Sway Bar End Link Kits,cat1120291,"Lift Kits, Suspension & Shocks",4wp-us-SC101,Suspension Accessories,4wp-us-10737,Sway Bar Link - Non Disconnect,Suspension,Suspension Accessories,,
9411,Pro Comp Adjustable Track Bars,cat1120291,"Lift Kits, Suspension & Shocks",4wp-us-SC101,Suspension Accessories,4wp-us-7500,Track Bar,Suspension,Suspension Accessories,,
9481,Pro Comp Track Bar Brackets,cat1120291,"Lift Kits, Suspension & Shocks",4wp-us-SC101,Suspension Accessories,4wp-us-14921,Track Bar Bracket,Suspension,Suspension Accessories,,
9442,Pro Comp Lateral Traction Bars,cat1120291,"Lift Kits, Suspension & Shocks",4wp-us-SC101,Suspension Accessories,4wp-us-7629,Traction Bar,Suspension,Suspension Accessories,,
9510,Pro Comp Traction Bar Brackets,cat1120291,"Lift Kits, Suspension & Shocks",4wp-us-SC101,Suspension Accessories,4wp-us-13572,Traction Bar Bracket,Suspension,Suspension Accessories,,
9482,Pro Comp Traction Bar Mounting Kits,cat1120291,"Lift Kits, Suspension & Shocks",4wp-us-SC101,Suspension Accessories,4wp-us-13572,Traction Bar Bracket,Suspension,Suspension Accessories,,
9484,Pro Comp Transfer Case Lowering Kits,cat1120291,"Lift Kits, Suspension & Shocks",4wp-us-SC101,Suspension Accessories,4wp-us-14625,Transfer Case Lowering Kit,Suspension,Suspension Accessories,,
9485,Pro Comp Transmission Crossmembers,cat1120291,"Lift Kits, Suspension & Shocks",4wp-us-SC101,Suspension Accessories,4wp-us-15747,Transmission Crossmember,Suspension,Suspension Accessories,,
9486,Pro Comp Transmission Drop Brackets,cat1120291,"Lift Kits, Suspension & Shocks",4wp-us-SC101,Suspension Accessories,4wp-us-14922,Transmission Drop Bracket,Suspension,Suspension Accessories,,
9346,Pro Comp Tow Straps,4wp-us-S2,Winches & Winch Accessories,4wp-us-SC190,Trail Jacks & Vehicle Recovery Equipment,4wp-us-15298,Tow Strap,Suspension,Suspension Accessories,,
9511,Pro Comp Tree Saver Straps,4wp-us-S2,Winches & Winch Accessories,4wp-us-SC190,Trail Jacks & Vehicle Recovery Equipment,cat1130316,Tree Trunk Protector,Suspension,Suspension Accessories,,
9335,Pro Comp Heavy Duty Straps,4wp-us-S2,Winches & Winch Accessories,4wp-us-SC190,Trail Jacks & Vehicle Recovery Equipment,4wp-us-15298,Tow Strap,Suspension,Suspension Accessories,,
9509,Pro Comp Tow Hooks,4wp-us-S2,Winches & Winch Accessories,4wp-us-SC190,Trail Jacks & Vehicle Recovery Equipment,4wp-us-1202,Tow Hook,Suspension,Suspension Accessories,,
9317,Pro Comp Recovery Straps,4wp-us-S2,Winches & Winch Accessories,4wp-us-SC190,Trail Jacks & Vehicle Recovery Equipment,4wp-us-15298,Tow Strap,Suspension,Suspension Accessories,,
9490,Pro Comp Suspension Receiver Shackle Bracket,4wp-us-S2,Winches & Winch Accessories,4wp-us-SC190,Trail Jacks & Vehicle Recovery Equipment,cat1450114,Receiver Hitch D-Ring Mount,Suspension,Suspension Accessories,,
9511,Pro Comp Tree Saver Straps,4wp-us-S2,Winches & Winch Accessories,4wp-us-SC124,Winch Accessories,4wp-us-19186,Winch Accessory Kit,Suspension,Suspension Accessories,,
9319,Pro Comp Bump Stops,cat1120291,"Lift Kits, Suspension & Shocks",4wp-us-SC101,Suspension Accessories,cat1450086,Bump Stops,Suspension,Suspension Components,Bump Stops,
9315,Pro Comp Air Bump Stops,cat1120291,"Lift Kits, Suspension & Shocks",4wp-us-SC101,Suspension Accessories,cat1450086,Bump Stops,Suspension,Suspension Components,Bump Stops,
prod2850001,Pro Comp Control Arm Geometry Correction Brackets,cat1120291,"Lift Kits, Suspension & Shocks",4wp-us-SC101,Suspension Accessories,cat1450136,Control Arm Drop Bracket,Suspension,Suspension Components,Control Arms,
9418,Pro Comp Boxed Control Arms,cat1120291,"Lift Kits, Suspension & Shocks",4wp-us-SC101,Suspension Accessories,cat1450138,Control Arms,Suspension,Suspension Components,Control Arms,
9409,Pro Comp Control Arms,cat1120291,"Lift Kits, Suspension & Shocks",4wp-us-SC101,Suspension Accessories,cat1450138,Control Arms,Suspension,Suspension Components,Control Arms,
9417,Pro Comp Boxed Front Lower Control Arms,cat1120291,"Lift Kits, Suspension & Shocks",4wp-us-SC101,Suspension Accessories,cat1450138,Control Arms,Suspension,Suspension Components,Control Arms,
20056,Pro Comp Add-A-Leaf Kits,cat1120291,"Lift Kits, Suspension & Shocks",4wp-us-SC101,Suspension Accessories,cat1450062,Add A Leaf,Suspension,Suspension Components,Springs,Add A Leaf
9465,Pro Comp Rear Add-A-Leaf Kits,cat1120291,"Lift Kits, Suspension & Shocks",4wp-us-SC101,Suspension Accessories,cat1450062,Add A Leaf,Suspension,Suspension Components,Springs,Add A Leaf
9321,Pro Comp Coil Spring Spacers,cat1120291,"Lift Kits, Suspension & Shocks",4wp-us-SC358,Leveling Kits,4wp-us-11382,Coil Spring Spacer,Suspension,Suspension Components,Springs,Coil Springs
9320,Pro Comp Front Coil Springs,cat1120291,"Lift Kits, Suspension & Shocks",4wp-us-SC101,Suspension Accessories,4wp-us-11380,Coil Springs,Suspension,Suspension Components,Springs,Coil Springs
9438,Pro Comp Coil Springs,cat1120291,"Lift Kits, Suspension & Shocks",4wp-us-SC101,Suspension Accessories,4wp-us-11380,Coil Springs,Suspension,Suspension Components,Springs,Coil Springs
9466,Pro Comp Rear Coil Springs,cat1120291,"Lift Kits, Suspension & Shocks",4wp-us-SC101,Suspension Accessories,4wp-us-11380,Coil Springs,Suspension,Suspension Components,Springs,Coil Springs
9443,Pro Comp Leaf Spring Bushing Sets,cat1120291,"Lift Kits, Suspension & Shocks",4wp-us-SC20,Suspension Accessories,4wp-us-7488,Leaf Spring Bushings & Pads,Suspension,Suspension Components,Springs,Leaf Springs
9381,Pro Comp Leaf Springs,cat1120291,"Lift Kits, Suspension & Shocks",4wp-us-SC101,Suspension Accessories,4wp-us-7544,Leaf Spring,Suspension,Suspension Components,Springs,Leaf Springs
9440,Pro Comp Front Leaf Springs,cat1120291,"Lift Kits, Suspension & Shocks",4wp-us-SC101,Suspension Accessories,4wp-us-7544,Leaf Spring,Suspension,Suspension Components,Springs,Leaf Springs
9336,Pro Comp Leaf Spring Bend Clips,cat1120291,"Lift Kits, Suspension & Shocks",4wp-us-SC101,Suspension Accessories,4wp-us-7544,Leaf Spring,Suspension,Suspension Components,Springs,Leaf Springs
9336,Pro Comp Leaf Spring Bend Clips,cat1120291,"Lift Kits, Suspension & Shocks",4wp-us-SC101,Suspension Accessories,cat1450143,Leaf Spring Alignment Clamp,Suspension,Suspension Components,Springs,Leaf Springs
9322,Pro Comp Degree Shims,cat1120291,"Lift Kits, Suspension & Shocks",4wp-us-SC101,Suspension Accessories,4wp-us-18224,Leaf Spring Axle Shim,Suspension,Suspension Components,Springs,Leaf Springs
9319,Pro Comp Bump Stops,cat1120291,"Lift Kits, Suspension & Shocks",4wp-us-SC101,Suspension Accessories,4wp-us-10406,Leaf Spring Bump Stop,Suspension,Suspension Components,Springs,Leaf Springs
9315,Pro Comp Air Bump Stops,cat1120291,"Lift Kits, Suspension & Shocks",4wp-us-SC101,Suspension Accessories,4wp-us-10406,Leaf Spring Bump Stop,Suspension,Suspension Components,Springs,Leaf Springs
9337,Pro Comp Leaf Spring Centering Pins,cat1120291,"Lift Kits, Suspension & Shocks",4wp-us-SC101,Suspension Accessories,4wp-us-14975,Leaf Spring Center Pin,Suspension,Suspension Components,Springs,Leaf Springs
9472,Pro Comp Spring Hanger Kits,cat1120291,"Lift Kits, Suspension & Shocks",4wp-us-SC101,Suspension Accessories,4wp-us-13610,Leaf Spring Hanger,Suspension,Suspension Components,Springs,Leaf Springs
prod1690002,Pro Comp Leaf Spring Lift Shackles,cat1120291,"Lift Kits, Suspension & Shocks",4wp-us-SC101,Suspension Accessories,4wp-us-7484,Leaf Spring Shackle,Suspension,Suspension Components,Springs,Leaf Springs
prod1310067,Pro Comp 2 Inch Rear Lift Blocks,cat1120291,"Lift Kits, Suspension & Shocks",4wp-us-SC101,Suspension Accessories,cat1450169,Suspension Block,Suspension,Suspension Components,Suspension Blocks,
9369,Pro Comp 2.5 Inch Rear Lift Blocks,cat1120291,"Lift Kits, Suspension & Shocks",4wp-us-SC101,Suspension Accessories,cat1450169,Suspension Block,Suspension,Suspension Components,Suspension Blocks,
9375,Pro Comp 3 Inch Rear Lift Blocks,cat1120291,"Lift Kits, Suspension & Shocks",4wp-us-SC101,Suspension Accessories,cat1450169,Suspension Block,Suspension,Suspension Components,Suspension Blocks,
9384,Pro Comp 4 Inch Rear Lift Blocks,cat1120291,"Lift Kits, Suspension & Shocks",4wp-us-SC101,Suspension Accessories,cat1450169,Suspension Block,Suspension,Suspension Components,Suspension Blocks,
9361,Pro Comp 1 Inch Rear Lift Blocks,cat1120291,"Lift Kits, Suspension & Shocks",4wp-us-SC101,Suspension Accessories,cat1450169,Suspension Block,Suspension,Suspension Components,Suspension Blocks,
9364,Pro Comp 1.5 Inch Rear Lift Blocks,cat1120291,"Lift Kits, Suspension & Shocks",4wp-us-SC101,Suspension Accessories,cat1450169,Suspension Block,Suspension,Suspension Components,Suspension Blocks,
prod1310071,Pro Comp 5 Inch Rear Lift Blocks,cat1120291,"Lift Kits, Suspension & Shocks",4wp-us-SC101,Suspension Accessories,cat1450169,Suspension Block,Suspension,Suspension Components,Suspension Blocks,
prod1310069,Pro Comp 3.5 Inch Rear Lift Blocks,cat1120291,"Lift Kits, Suspension & Shocks",4wp-us-SC101,Suspension Accessories,cat1450169,Suspension Block,Suspension,Suspension Components,Suspension Blocks,
9393,Pro Comp 5.5 Inch Rear Lift Blocks,cat1120291,"Lift Kits, Suspension & Shocks",4wp-us-SC101,Suspension Accessories,cat1450169,Suspension Block,Suspension,Suspension Components,Suspension Blocks,
9489,Pro Comp Rear Lift Blocks,cat1120291,"Lift Kits, Suspension & Shocks",4wp-us-SC101,Suspension Accessories,cat1450169,Suspension Block,Suspension,Suspension Components,Suspension Blocks,
9376,Pro Comp 3 Inch Rear Lift Blocks w/ U-Bolt Kits,cat1120291,"Lift Kits, Suspension & Shocks",4wp-us-SC101,Suspension Accessories,cat1450171,Suspension Block and U-Bolt Kit,Suspension,Suspension Components,Suspension Blocks,
9385,Pro Comp 4 Inch Rear Lift Blocks w/ U-Bolt Kits,cat1120291,"Lift Kits, Suspension & Shocks",4wp-us-SC101,Suspension Accessories,cat1450171,Suspension Block and U-Bolt Kit,Suspension,Suspension Components,Suspension Blocks,
9391,Pro Comp 5 Inch Rear Lift Blocks w/ U-Bolt Kits,cat1120291,"Lift Kits, Suspension & Shocks",4wp-us-SC101,Suspension Accessories,cat1450171,Suspension Block and U-Bolt Kit,Suspension,Suspension Components,Suspension Blocks,
prod1310068,Pro Comp 2.5 Inch Rear Lift Blocks w/ U-Bolt Kits,cat1120291,"Lift Kits, Suspension & Shocks",4wp-us-SC101,Suspension Accessories,cat1450171,Suspension Block and U-Bolt Kit,Suspension,Suspension Components,Suspension Blocks,
prod1310072,Pro Comp 5.5 Inch Rear Lift Block w/ U-Bolt Kits,cat1120291,"Lift Kits, Suspension & Shocks",4wp-us-SC101,Suspension Accessories,cat1450171,Suspension Block and U-Bolt Kit,Suspension,Suspension Components,Suspension Blocks,
9362,Pro Comp 1 Inch Rear Lift Blocks w/ U-Bolt Kits,cat1120291,"Lift Kits, Suspension & Shocks",4wp-us-SC101,Suspension Accessories,cat1450171,Suspension Block and U-Bolt Kit,Suspension,Suspension Components,Suspension Blocks,
9365,Pro Comp 1.5 Inch Rear Lift Blocks w/ U-Bolt Kits,cat1120291,"Lift Kits, Suspension & Shocks",4wp-us-SC101,Suspension Accessories,cat1450171,Suspension Block and U-Bolt Kit,Suspension,Suspension Components,Suspension Blocks,
9367,Pro Comp 2 Inch Rear Lift Blocks w/ U-Bolt Kits,cat1120291,"Lift Kits, Suspension & Shocks",4wp-us-SC101,Suspension Accessories,cat1450171,Suspension Block and U-Bolt Kit,Suspension,Suspension Components,Suspension Blocks,
prod1310070,Pro Comp 3.5 Inch Rear Lift Blocks w/ U-Bolt Kits,cat1120291,"Lift Kits, Suspension & Shocks",4wp-us-SC101,Suspension Accessories,cat1450171,Suspension Block and U-Bolt Kit,Suspension,Suspension Components,Suspension Blocks,
prod1690003,Pro Comp 4 Link Conversion Kits,4wp-us-C86,Fabrication & Tools,4wp-us-SC527,"Brackets, Gussets & Tabs",4wp-us-19124,Axle Truss,Suspension,Tools & Kits,,
25868,Pro Comp Heim Joint Rebuild Kits,4wp-us-C86,Fabrication & Tools,4wp-us-SC528,"Flex Joints, Rod Ends & Jam Nuts",cat1450343,"Rod Ends, Heim, Johnny & NG Joints",Suspension,Tools & Kits,,
25868,Pro Comp Heim Joint Rebuild Kits,4wp-us-C86,Fabrication & Tools,4wp-us-SC528,"Flex Joints, Rod Ends & Jam Nuts",4wp-us-18804,Heim Joint Rebuild Kits,Suspension,Tools & Kits,,
9316,Pro Comp Air Down Gauges,4wp-us-C86,Fabrication & Tools,4wp-us-SC317,Hand Tools,4wp-us-14688,Tire Pressure Gauge,Suspension,Tools & Kits,,
9508,Pro Comp Suspension Torsion Key Unloading Tools,4wp-us-C86,Fabrication & Tools,4wp-us-SC530,Specialty Tools,4wp-us-13614,Torsion Key Unloading Tool,Suspension,Tools & Kits,,
9514,Pro Comp Suspension Uniball Upper A Arm Bushing,cat1120291,"Lift Kits, Suspension & Shocks",4wp-us-SC101,Suspension Accessories,4wp-us-7532,Control Arm Bushing,Suspension,Upper Control Arms,,
9410,Pro Comp Adjustable Upper Control Arms,cat1120291,"Lift Kits, Suspension & Shocks",4wp-us-SC101,Suspension Accessories,cat1450138,Control Arms,Suspension,Upper Control Arms,,
9488,Pro Comp Uniball Upper Control Arms,cat1120291,"Lift Kits, Suspension & Shocks",4wp-us-SC101,Suspension Accessories,cat1450138,Control Arms,Suspension,Upper Control Arms,,
28896,Pro Comp A/T Sport Tires,4wp-us-C11,Tires & Wheels,4wp-us-7636,Tires,,,Tires,All Terrain Tires,,
9517,Pro Comp Xtreme All-Terrain Radial Tires,4wp-us-C11,Tires & Wheels,4wp-us-7636,Tires,,,Tires,All Terrain Tires,,
9516,Pro Comp Xterrain Radial Tires,4wp-us-C11,Tires & Wheels,4wp-us-7636,Tires,,,Tires,Mud Terrain Tires,,
9518,Pro Comp Xtreme M/T 2 Radial Tires,4wp-us-C11,Tires & Wheels,4wp-us-7636,Tires,,,Tires,Mud Terrain Tires,,
9288,Pro Comp 01 Series Raven Chrome Alloy Wheels,4wp-us-C11,Tires & Wheels,4wp-us-7644,Wheels,,,Wheels,Alloy,,
9303,Pro Comp 01 Series Raven Gloss Black Alloy Wheels,4wp-us-C11,Tires & Wheels,4wp-us-7644,Wheels,,,Wheels,Alloy,,
9276,Pro Comp 01 Series Raven Satin Black Alloy Wheels,4wp-us-C11,Tires & Wheels,4wp-us-7644,Wheels,,,Wheels,Alloy,,
9295,Pro Comp 05 Series Torq Matte Black Alloy Wheels,4wp-us-C11,Tires & Wheels,4wp-us-7644,Wheels,,,Wheels,Alloy,,
9302,Pro Comp 05 Series Torq Matte Black Machined Alloy Wheels,4wp-us-C11,Tires & Wheels,4wp-us-7644,Wheels,,,Wheels,Alloy,,
9272,Pro Comp 29 Series La Paz Machined Alloy Wheels,4wp-us-C11,Tires & Wheels,4wp-us-7644,Wheels,,,Wheels,Alloy,,
prod3020002,Pro Comp 63 Series Recon Satin Black Milled Wheels,4wp-us-C11,Tires & Wheels,4wp-us-7644,Wheels,,,Wheels,Alloy,,
9277,Pro Comp 29 Series La Paz Satin Black Alloy Wheels,4wp-us-C11,Tires & Wheels,4wp-us-7644,Wheels,,,Wheels,Alloy,,
9282,Pro Comp 29 Series La Paz Satin Black Machined Alloy Wheels,4wp-us-C11,Tires & Wheels,4wp-us-7644,Wheels,,,Wheels,Alloy,,
prod3020001,Pro Comp 62 Series Apex Satin Black Milled Wheels,4wp-us-C11,Tires & Wheels,4wp-us-7644,Wheels,,,Wheels,Alloy,,
9292,Pro Comp 31 Series Stryker Chrome Alloy Wheels,4wp-us-C11,Tires & Wheels,4wp-us-7644,Wheels,,,Wheels,Alloy,,
9296,Pro Comp 31 Series Stryker Matte Black Alloy Wheels,4wp-us-C11,Tires & Wheels,4wp-us-7644,Wheels,,,Wheels,Alloy,,
9293,Pro Comp 32 Series Bandido Chrome Alloy Wheels,4wp-us-C11,Tires & Wheels,4wp-us-7644,Wheels,,,Wheels,Alloy,,
9297,Pro Comp 32 Series Bandido Matte Black Alloy Wheels,4wp-us-C11,Tires & Wheels,4wp-us-7644,Wheels,,,Wheels,Alloy,,
9294,Pro Comp 33 Series Grid Chrome Alloy Wheels,4wp-us-C11,Tires & Wheels,4wp-us-7644,Wheels,,,Wheels,Alloy,,
9298,Pro Comp 33 Series Grid Matte Black Alloy Wheels,4wp-us-C11,Tires & Wheels,4wp-us-7644,Wheels,,,Wheels,Alloy,,
19891,Pro Comp 34 Series Rockwell Machined Face Alloy Wheels,4wp-us-C11,Tires & Wheels,4wp-us-7644,Wheels,,,Wheels,Alloy,,
9278,Pro Comp 34 Series Rockwell Satin Black Alloy Wheels,4wp-us-C11,Tires & Wheels,4wp-us-7644,Wheels,,,Wheels,Alloy,,
19890,Pro Comp 35 Series Predator Matte Graphite Alloy Wheels,4wp-us-C11,Tires & Wheels,4wp-us-7644,Wheels,,,Wheels,Alloy,,
9279,Pro Comp 35 Series Predator Satin Black Alloy Wheels,4wp-us-C11,Tires & Wheels,4wp-us-7644,Wheels,,,Wheels,Alloy,,
9273,Pro Comp 36 Series Hell Dorado Machined Alloy Wheels,4wp-us-C11,Tires & Wheels,4wp-us-7644,Wheels,,,Wheels,Alloy,,
9299,Pro Comp 36 Series Hell Dorado Matte Black Alloy Wheels,4wp-us-C11,Tires & Wheels,4wp-us-7644,Wheels,,,Wheels,Alloy,,
9283,Pro Comp 39 Series Inertia Alloy Wheels,4wp-us-C11,Tires & Wheels,4wp-us-7644,Wheels,,,Wheels,Alloy,,
9271,Pro Comp 40 Series Vertigo Matte Graphite Alloy Wheels,4wp-us-C11,Tires & Wheels,4wp-us-7644,Wheels,,,Wheels,Alloy,,
9284,Pro Comp 40 Series Vertigo Satin Black Milled Alloy Wheels,4wp-us-C11,Tires & Wheels,4wp-us-7644,Wheels,,,Wheels,Alloy,,
9275,Pro Comp 41 Series Phaser Machined Face Alloy Wheels,4wp-us-C11,Tires & Wheels,4wp-us-7644,Wheels,,,Wheels,Alloy,,
9280,Pro Comp 41 Series Phaser Satin Black Alloy Wheels,4wp-us-C11,Tires & Wheels,4wp-us-7644,Wheels,,,Wheels,Alloy,,
28904,Pro Comp 42 Series Blockade Gloss Black Milled Alloy Wheels,4wp-us-C11,Tires & Wheels,4wp-us-7644,Wheels,,,Wheels,Alloy,,
28903,Pro Comp 43 Series Sledge Satin Black Milled Alloy Wheels,4wp-us-C11,Tires & Wheels,4wp-us-7644,Wheels,,,Wheels,Alloy,,
28900,Pro Comp 44 Series Syndrome Matte Graphite Alloy Wheels,4wp-us-C11,Tires & Wheels,4wp-us-7644,Wheels,,,Wheels,Alloy,,
28901,Pro Comp 44 Series Syndrome Satin Black Alloy Wheels,4wp-us-C11,Tires & Wheels,4wp-us-7644,Wheels,,,Wheels,Alloy,,
28902,Pro Comp 45 Series Proxy Alloy Wheels,4wp-us-C11,Tires & Wheels,4wp-us-7644,Wheels,,,Wheels,Alloy,,
prod1600148,Pro Comp 46 Series Prodigy Alloy Wheels,4wp-us-C11,Tires & Wheels,4wp-us-7644,Wheels,,,Wheels,Alloy,,
prod1160038,Pro Comp 48 Series Quick 8 Alloy Wheels,4wp-us-C11,Tires & Wheels,4wp-us-7644,Wheels,,,Wheels,Alloy,,
9289,Pro Comp 50 Series 10 Gauge Chrome Alloy Wheels,4wp-us-C11,Tires & Wheels,4wp-us-7644,Wheels,,,Wheels,Alloy,,
9281,Pro Comp 50 Series 10 Gauge Satin Black Alloy Wheels,4wp-us-C11,Tires & Wheels,4wp-us-7644,Wheels,,,Wheels,Alloy,,
9290,Pro Comp 51 Series District Chrome Alloy Wheels,4wp-us-C11,Tires & Wheels,4wp-us-7644,Wheels,,,Wheels,Alloy,,
9304,Pro Comp 51 Series District Gloss Black Machined Alloy Wheels,4wp-us-C11,Tires & Wheels,4wp-us-7644,Wheels,,,Wheels,Alloy,,
prod1160039,Pro Comp 60 Series Hammer Alloy Wheels,4wp-us-C11,Tires & Wheels,4wp-us-7644,Wheels,,,Wheels,Alloy,,
prod1160040,Pro Comp 61 Series Cognos Alloy Wheels,4wp-us-C11,Tires & Wheels,4wp-us-7644,Wheels,,,Wheels,Alloy,,
prod2930001,Pro Comp 64 Series Gunner Satin Black Milled Alloy Wheels,4wp-us-C11,Tires & Wheels,4wp-us-7644,Wheels,,,Wheels,Alloy,,
9300,Pro Comp 69 Series Vintage Flat Black Alloy Wheels,4wp-us-C11,Tires & Wheels,4wp-us-7644,Wheels,,,Wheels,Alloy,,
9269,Pro Comp 69 Series Vintage Polished Alloy Wheels,4wp-us-C11,Tires & Wheels,4wp-us-7644,Wheels,,,Wheels,Alloy,,
prod1600149,Pro Comp 72 Series Axis Alloy Wheels,4wp-us-C11,Tires & Wheels,4wp-us-7644,Wheels,,,Wheels,Alloy,,
prod1600150,Pro Comp 73 Series Trilogy Alloy Wheels,4wp-us-C11,Tires & Wheels,4wp-us-7644,Wheels,,,Wheels,Alloy,,
prod1600151,Pro Comp 74 Series Trilogy Pro Alloy Wheels,4wp-us-C11,Tires & Wheels,4wp-us-7644,Wheels,,,Wheels,Alloy,,
prod2220007,Pro Comp 75 Series Trilogy Race Satin Black Alloy Wheels,4wp-us-C11,Tires & Wheels,4wp-us-7644,Wheels,,,Wheels,Alloy,,
prod2570002,Pro Comp 75 Series Trilogy Race Super Machined Alloy Wheels,4wp-us-C11,Tires & Wheels,4wp-us-7644,Wheels,,,Wheels,Alloy,,
9305,Pro Comp 80 Series Gloss Black Machined Alloy Wheels,4wp-us-C11,Tires & Wheels,4wp-us-7644,Wheels,,,Wheels,Alloy,,
9285,Pro Comp 82 Series Alloy Wheels,4wp-us-C11,Tires & Wheels,4wp-us-7644,Wheels,,,Wheels,Alloy,,
9286,Pro Comp 83 Series Satin Black with Machined Lip Alloy Wheels,4wp-us-C11,Tires & Wheels,4wp-us-7644,Wheels,,,Wheels,Alloy,,
9287,Pro Comp 84 Series Satin Black Alloy Wheels,4wp-us-C11,Tires & Wheels,4wp-us-7644,Wheels,,,Wheels,Alloy,,
prod870525,Pro Comp 85 Series Vapor Pro 2 Competition Beadlock Alloy Wheels,4wp-us-C11,Tires & Wheels,4wp-us-7644,Wheels,,,Wheels,Alloy,,
9306,Pro Comp 86 Series Alloy Wheels,4wp-us-C11,Tires & Wheels,4wp-us-7644,Wheels,,,Wheels,Alloy,,
9274,Pro Comp 86 Series Alloy Wheels,4wp-us-C11,Tires & Wheels,4wp-us-7644,Wheels,,,Wheels,Alloy,,
9301,Pro Comp 89 Series Kore Matte Black Alloy Wheels,4wp-us-C11,Tires & Wheels,4wp-us-7644,Wheels,,,Wheels,Alloy,,
9270,Pro Comp 89 Series Kore Polished Alloy Wheels,4wp-us-C11,Tires & Wheels,4wp-us-7644,Wheels,,,Wheels,Alloy,,
22389,Pro Comp Chrome Lug Nut Kits,4wp-us-C11,Tires & Wheels,4wp-us-SC107,Tire & Wheel Accessories,4wp-us-7676,Wheel Lug Nuts,Wheels,Lug Nuts,,
9266,Pro Comp Black Wheel Lug Nut Kits,4wp-us-C11,Tires & Wheels,4wp-us-SC107,Tire & Wheel Accessories,4wp-us-7676,Wheel Lug Nuts,Wheels,Lug Nuts,,
9267,Pro Comp Spline Lug Nut Kits,4wp-us-C11,Tires & Wheels,4wp-us-SC107,Tire & Wheel Accessories,4wp-us-7676,Wheel Lug Nuts,Wheels,Lug Nuts,,
9265,Pro Comp Lug Nut Socket Keys,4wp-us-C11,Tires & Wheels,4wp-us-SC107,Tire & Wheel Accessories,4wp-us-7676,Wheel Lug Nuts,Wheels,Lug Nuts,,
12103,Pro Comp Alloy Wheels Lug Nuts,4wp-us-C11,Tires & Wheels,4wp-us-SC107,Tire & Wheel Accessories,4wp-us-7676,Wheel Lug Nuts,Wheels,Lug Nuts,,
22371,Pro Comp 82 Series Rock Crawler Steel Wheels,4wp-us-C11,Tires & Wheels,4wp-us-7644,Wheels,,,Wheels,Steel Wheels,,
9313,Pro Comp 98 Series Rock Crawler Steel Wheels,4wp-us-C11,Tires & Wheels,4wp-us-7644,Wheels,,,Wheels,Steel Wheels,,
9309,Pro Comp 51 Series Rock Crawler Steel Wheels,4wp-us-C11,Tires & Wheels,4wp-us-7644,Wheels,,,Wheels,Steel Wheels,,
9311,Pro Comp 87 Series Rock Crawler Steel Wheels,4wp-us-C11,Tires & Wheels,4wp-us-7644,Wheels,,,Wheels,Steel Wheels,,
9310,Pro Comp 52 Series Rock Crawler Steel Wheels,4wp-us-C11,Tires & Wheels,4wp-us-7644,Wheels,,,Wheels,Steel Wheels,,
9312,Pro Comp 97 Series Rock Crawler Steel Wheels,4wp-us-C11,Tires & Wheels,4wp-us-7644,Wheels,,,Wheels,Steel Wheels,,
9308,Pro Comp 252 Series Street Lock Steel Wheels,4wp-us-C11,Tires & Wheels,4wp-us-7644,Wheels,,,Wheels,Steel Wheels,,
9314,Pro Comp Xtreme Rock Crawler Series 99 Steel Wheels,4wp-us-C11,Tires & Wheels,4wp-us-7644,Wheels,,,Wheels,Steel Wheels,,
9268,Pro Comp Telescoping Lug Nut L Wrenches,4wp-us-C11,Tires & Wheels,4wp-us-SC107,Tire & Wheel Accessories,4wp-us-16937,Lug Wrenches,Wheels,Tire & Wheel Accessories,,
9316,Pro Comp Air Down Gauges,4wp-us-C11,Tires & Wheels,4wp-us-SC107,Tire & Wheel Accessories,4wp-us-14689,Tire Deflators,Wheels,Tire & Wheel Accessories,,
9316,Pro Comp Air Down Gauges,4wp-us-C11,Tires & Wheels,4wp-us-SC107,Tire & Wheel Accessories,4wp-us-10507,Tire Valve Deflator,Wheels,Tire & Wheel Accessories,,
prod790109,Pro Comp Valve Stems,4wp-us-C11,Tires & Wheels,4wp-us-SC107,Tire & Wheel Accessories,4wp-us-16822,Valve Stems,Wheels,Tire & Wheel Accessories,,
prod1720002,Pro Comp Vapor Pro 2 Competition Bedlock Rings,4wp-us-C11,Tires & Wheels,4wp-us-SC107,Tire & Wheel Accessories,4wp-us-47137,Wheel Trim Ring,Wheels,Tire & Wheel Accessories,,
22626,Pro Comp Chrome Closed Center Caps,4wp-us-C11,Tires & Wheels,4wp-us-SC107,Tire & Wheel Accessories,4wp-us-10061,Wheel Center Cap,Wheels,Wheel Center Caps,,
9264,Pro Comp Wheel Center Caps,4wp-us-C11,Tires & Wheels,4wp-us-SC107,Tire & Wheel Accessories,4wp-us-10061,Wheel Center Cap,Wheels,Wheel Center Caps,,
prod1660026,Pro Comp Wheel Hub Spacers,4wp-us-C11,Tires & Wheels,4wp-us-SC107,Tire & Wheel Accessories,4wp-us-49116,Wheel Hub Spacers,Wheels,Wheel Center Caps,,