Term Name,Parent Name,Parent Slug,Count,Image URL,Image Filename,Image Path,Image ID,Image Title,Image Caption,Image Description,Image Alt Text,Image Featured,category_id,_category_id,Product Group ID,Product Group Name,Category Name,Subcategory ID,Subcategory Name,Part Type ID,Part Type Name,SubPart ID,SupPart Name,Short Description (Top),Long Description (Bottom)
Uncategorized,,,1,,,,,,,,,,,,,,,,,,,,,,
Suspension,,,1,,,,,,,,,,,field_60b0b2ab479a7,,,,,,,,,,,
Lift Kits,Suspension,suspension,1,,,,,,,,,,,field_60b0b2ab479a7,,,,,,,,,,,
Air Tank,"Air Compressors, Air Tanks & Air Accessories",,,,,,,,,,,,4wp-us-C89,,,,"Air Compressors, Air Tanks & Air Accessories",4wp-us-SC567,,,,,,,
Compressed Air Tank Accessories,"Air Compressors, Air Tanks & Air Accessories",,,,,,,,,,,,4wp-us-C89,,,,"Air Compressors, Air Tanks & Air Accessories",4wp-us-SC569,,,,,,,
Air Compressors,"Air Compressors, Air Tanks & Air Accessories",,,,,,,,,,,,4wp-us-C89,,,,"Air Compressors, Air Tanks & Air Accessories",4wp-us-SC566,,,,,,,
Air Compressor Accessories,"Air Compressors, Air Tanks & Air Accessories",,,,,,,,,,,,4wp-us-C89,,,,"Air Compressors, Air Tanks & Air Accessories",4wp-us-SC568,,,,,,,
Accessories,"Apparel, Books & DVDs",,,,,,,,,,,,4wp-us-C85,,,,"Apparel, Books & DVDs",4wp-us-SC507,,,,,,,
Apparel,"Apparel, Books & DVDs",,,,,,,,,,,,4wp-us-C85,,,,"Apparel, Books & DVDs",4wp-us-SC416,,,,,,,
Gift Cards and Instant Gift Certificates,"Apparel, Books & DVDs",,,,,,,,,,,,4wp-us-C85,,,,"Apparel, Books & DVDs",4wp-us-SC191,,,,,,,
"Books, Manuals and Calendars","Apparel, Books & DVDs",,,,,,,,,,,,4wp-us-C85,,,,"Apparel, Books & DVDs",4wp-us-SC434,,,,,,,
Off Road DVDs & Videos,"Apparel, Books & DVDs",,,,,,,,,,,,4wp-us-C85,,,,"Apparel, Books & DVDs",4wp-us-14519,,,,,,,
RC Trucks & Collectibles,"Apparel, Books & DVDs",,,,,,,,,,,,4wp-us-C85,,,,"Apparel, Books & DVDs",4wp-us-14594,,,,,,,
Skid Plates,Armor & Protection,,,,,,,,,,,,4wp-us-C79,,,,Armor & Protection,4wp-us-SC467,,,,,,,
Rock Sliders and Guards,Armor & Protection,,,,,,,,,,,,4wp-us-C79,,,,Armor & Protection,4wp-us-SC466,,,,,,,
Body Protection,Armor & Protection,,,,,,,,,,,,4wp-us-C79,,,,Armor & Protection,4wp-us-SC468,,,,,,,
ATV - UTV Snow Plows and Accessories,ATV Parts & Accessories,,,,,,,,,,,,4wp-us-C66,,,,ATV Parts & Accessories,cat1450344,,,,,,,
ATV Body Armor,ATV Parts & Accessories,,,,,,,,,,,,4wp-us-C66,,,,ATV Parts & Accessories,cat1120244,,,,,,,
ATV Tires,ATV Parts & Accessories,,,,,,,,,,,,4wp-us-C66,,,,ATV Parts & Accessories,4wp-us-C78,,,,,,,
ATV Wheels,ATV Parts & Accessories,,,,,,,,,,,,4wp-us-C66,,,,ATV Parts & Accessories,cat1120264,,,,,,,
Replacement Fenders,"Body Parts, Roll Cages & Frames",,,,,,,,,,,,4wp-us-C81,,,,"Body Parts, Roll Cages & Frames",4wp-us-SC522,,,,,,,
Body Tub Parts,"Body Parts, Roll Cages & Frames",,,,,,,,,,,,4wp-us-C81,,,,"Body Parts, Roll Cages & Frames",4wp-us-SC529,,,,,,,
Roll Cages & Related Parts,"Body Parts, Roll Cages & Frames",,,,,,,,,,,,4wp-us-C81,,,,"Body Parts, Roll Cages & Frames",4wp-us-SC493,,,,,,,
Hoods & Grilles,"Body Parts, Roll Cages & Frames",,,,,,,,,,,,4wp-us-C81,,,,"Body Parts, Roll Cages & Frames",4wp-us-SC526,,,,,,,
Frames & Related Parts,"Body Parts, Roll Cages & Frames",,,,,,,,,,,,4wp-us-C81,,,,"Body Parts, Roll Cages & Frames",4wp-us-SC492,,,,,,,
Tailgate Parts,"Body Parts, Roll Cages & Frames",,,,,,,,,,,,4wp-us-C81,,,,"Body Parts, Roll Cages & Frames",4wp-us-SC525,,,,,,,
Replacement Door Parts,"Body Parts, Roll Cages & Frames",,,,,,,,,,,,4wp-us-C81,,,,"Body Parts, Roll Cages & Frames",4wp-us-SC516,,,,,,,
Liftgate Parts,"Body Parts, Roll Cages & Frames",,,,,,,,,,,,4wp-us-C81,,,,"Body Parts, Roll Cages & Frames",4wp-us-SC524,,,,,,,
Windshield Parts,"Body Parts, Roll Cages & Frames",,,,,,,,,,,,4wp-us-C81,,,,"Body Parts, Roll Cages & Frames",4wp-us-SC523,,,,,,,
Body Tub Kits,"Body Parts, Roll Cages & Frames",,,,,,,,,,,,4wp-us-C81,,,,"Body Parts, Roll Cages & Frames",4wp-us-SC521,,,,,,,
Brake Lines & Fittings,Brakes & Steering,,,,,,,,,,,,4wp-us-C65,,,,Brakes & Steering,4wp-us-SC22,,,,,,,
Performance Steering Upgrades,Brakes & Steering,,,,,,,,,,,,4wp-us-C65,,,,Brakes & Steering,4wp-us-SC430,,,,,,,
Drum Brake Kits & Components,Brakes & Steering,,,,,,,,,,,,4wp-us-C65,,,,Brakes & Steering,4wp-us-SC542,,,,,,,
Hydraulic Steering,Brakes & Steering,,,,,,,,,,,,4wp-us-C65,,,,Brakes & Steering,4wp-us-SC547,,,,,,,
Replacement Steering Components,Brakes & Steering,,,,,,,,,,,,4wp-us-C65,,,,Brakes & Steering,4wp-us-SC510,,,,,,,
Disc Brake Kits & Components,Brakes & Steering,,,,,,,,,,,,4wp-us-C65,,,,Brakes & Steering,4wp-us-SC541,,,,,,,
Brake Pedal Components,Brakes & Steering,,,,,,,,,,,,4wp-us-C65,,,,Brakes & Steering,4wp-us-SC394,,,,,,,
Parking Brake Kits & Components,Brakes & Steering,,,,,,,,,,,,4wp-us-C65,,,,Brakes & Steering,4wp-us-SC540,,,,,,,
ABS Brake Components,Brakes & Steering,,,,,,,,,,,,4wp-us-C65,,,,Brakes & Steering,4wp-us-SC543,,,,,,,
Master Cylinder & Power Brake Parts,Brakes & Steering,,,,,,,,,,,,4wp-us-C65,,,,Brakes & Steering,4wp-us-SC544,,,,,,,
Bumpers,"Bumpers, Tire Carriers & Winch Mounts",,,,,,,,,,,,4wp-us-C64,,,,"Bumpers, Tire Carriers & Winch Mounts",cat1130347,,,,,,,
Brush & Grille Guards,"Bumpers, Tire Carriers & Winch Mounts",,,,,,,,,,,,4wp-us-C64,,,,"Bumpers, Tire Carriers & Winch Mounts",4wp-us-SC268,,,,,,,
Spare Tire Carriers & Accessories,"Bumpers, Tire Carriers & Winch Mounts",,,,,,,,,,,,4wp-us-C64,,,,"Bumpers, Tire Carriers & Winch Mounts",4wp-us-SC351,,,,,,,
Door Handle Covers,Doors & Door Accessories,,,,,,,,,,,,4wp-us-C87,,,,Doors & Door Accessories,4wp-us-13736,,,,,,,
Door Hinges,Doors & Door Accessories,,,,,,,,,,,,4wp-us-C87,,,,Doors & Door Accessories,4wp-us-1377,,,,,,,
Door Panel,Doors & Door Accessories,,,,,,,,,,,,4wp-us-C87,,,,Doors & Door Accessories,4wp-us-10034,,,,,,,
Billet Door Surround Knobs,Doors & Door Accessories,,,,,,,,,,,,4wp-us-C87,,,,Doors & Door Accessories,cat1440212,,,,,,,
Door Trim Panel,Doors & Door Accessories,,,,,,,,,,,,4wp-us-C87,,,,Doors & Door Accessories,4wp-us-10006,,,,,,,
Soft Upper Half Door Bracket,Doors & Door Accessories,,,,,,,,,,,,4wp-us-C87,,,,Doors & Door Accessories,cat1130163,,,,,,,
Door,Doors & Door Accessories,,,,,,,,,,,,4wp-us-C87,,,,Doors & Door Accessories,4wp-us-1376,,,,,,,
Door Latch Parts,Doors & Door Accessories,,,,,,,,,,,,4wp-us-C87,,,,Doors & Door Accessories,4wp-us-10748,,,,,,,
Door Storage,Doors & Door Accessories,,,,,,,,,,,,4wp-us-C87,,,,Doors & Door Accessories,4wp-us-15038,,,,,,,
Door Skin,Doors & Door Accessories,,,,,,,,,,,,4wp-us-C87,,,,Doors & Door Accessories,4wp-us-19126,,,,,,,
Door Checks,Doors & Door Accessories,,,,,,,,,,,,4wp-us-C87,,,,Doors & Door Accessories,cat1130150,,,,,,,
Door Surround Knobs,Doors & Door Accessories,,,,,,,,,,,,4wp-us-C87,,,,Doors & Door Accessories,cat1130155,,,,,,,
Door Pins,Doors & Door Accessories,,,,,,,,,,,,4wp-us-C87,,,,Doors & Door Accessories,4wp-us-10652,,,,,,,
Door Window Crank Handle,Doors & Door Accessories,,,,,,,,,,,,4wp-us-C87,,,,Doors & Door Accessories,4wp-us-1576,,,,,,,
Foot Pegs,Doors & Door Accessories,,,,,,,,,,,,4wp-us-C87,,,,Doors & Door Accessories,4wp-us-49809,,,,,,,
Door Seal,Doors & Door Accessories,,,,,,,,,,,,4wp-us-C87,,,,Doors & Door Accessories,4wp-us-11415,,,,,,,
Door Covers and Netting,Doors & Door Accessories,,,,,,,,,,,,4wp-us-C87,,,,Doors & Door Accessories,4wp-us-14851,,,,,,,
Door Wire Looms,Doors & Door Accessories,,,,,,,,,,,,4wp-us-C87,,,,Doors & Door Accessories,cat1130159,,,,,,,
Arm Rest,Doors & Door Accessories,,,,,,,,,,,,4wp-us-C87,,,,Doors & Door Accessories,4wp-us-1436,,,,,,,
Door Weather Seal Kits,Doors & Door Accessories,,,,,,,,,,,,4wp-us-C87,,,,Doors & Door Accessories,cat1130157,,,,,,,
Door Surround Moulding,Doors & Door Accessories,,,,,,,,,,,,4wp-us-C87,,,,Doors & Door Accessories,4wp-us-12306,,,,,,,
Door Lock Kit,Doors & Door Accessories,,,,,,,,,,,,4wp-us-C87,,,,Doors & Door Accessories,4wp-us-1028,,,,,,,
Door Strap,Doors & Door Accessories,,,,,,,,,,,,4wp-us-C87,,,,Doors & Door Accessories,4wp-us-13655,,,,,,,
Interior Door Handle,Doors & Door Accessories,,,,,,,,,,,,4wp-us-C87,,,,Doors & Door Accessories,4wp-us-13115,,,,,,,
Upper Door Skin and Frames,Doors & Door Accessories,,,,,,,,,,,,4wp-us-C87,,,,Doors & Door Accessories,cat1130164,,,,,,,
Door Pull Handle,Doors & Door Accessories,,,,,,,,,,,,4wp-us-C87,,,,Doors & Door Accessories,4wp-us-13582,,,,,,,
Door Moulding Retainer,Doors & Door Accessories,,,,,,,,,,,,4wp-us-C87,,,,Doors & Door Accessories,4wp-us-13897,,,,,,,
Door Window Regulator,Doors & Door Accessories,,,,,,,,,,,,4wp-us-C87,,,,Doors & Door Accessories,4wp-us-10217,,,,,,,
Windshield Seal,Doors & Door Accessories,,,,,,,,,,,,4wp-us-C87,,,,Doors & Door Accessories,4wp-us-11438,,,,,,,
Door Window Glass,Doors & Door Accessories,,,,,,,,,,,,4wp-us-C87,,,,Doors & Door Accessories,cat1130158,,,,,,,
Door Frame Assembly,Doors & Door Accessories,,,,,,,,,,,,4wp-us-C87,,,,Doors & Door Accessories,4wp-us-16043,,,,,,,
Door Lock Knob,Doors & Door Accessories,,,,,,,,,,,,4wp-us-C87,,,,Doors & Door Accessories,4wp-us-1290,,,,,,,
Weatherstrip Seals,Doors & Door Accessories,,,,,,,,,,,,4wp-us-C87,,,,Doors & Door Accessories,cat1130165,,,,,,,
Push Pins,Doors & Door Accessories,,,,,,,,,,,,4wp-us-C87,,,,Doors & Door Accessories,cat1130162,,,,,,,
Door Surround Moulding Spacer Kit,Doors & Door Accessories,,,,,,,,,,,,4wp-us-C87,,,,Doors & Door Accessories,cat1130156,,,,,,,
Door Pull Handle End Cap,Doors & Door Accessories,,,,,,,,,,,,4wp-us-C87,,,,Doors & Door Accessories,4wp-us-16011,,,,,,,
Door Retaining Channel,Doors & Door Accessories,,,,,,,,,,,,4wp-us-C87,,,,Doors & Door Accessories,4wp-us-14744,,,,,,,
Tool Box Lift Support,Doors & Door Accessories,,,,,,,,,,,,4wp-us-C87,,,,Doors & Door Accessories,cat1440208,,,,,,,
Soft Door Snaps,Doors & Door Accessories,,,,,,,,,,,,4wp-us-C87,,,,Doors & Door Accessories,4wp-us-19964,,,,,,,
Door Lock Rod Retainer,Doors & Door Accessories,,,,,,,,,,,,4wp-us-C87,,,,Doors & Door Accessories,4wp-us-13641,,,,,,,
Door Panel Insert,Doors & Door Accessories,,,,,,,,,,,,4wp-us-C87,,,,Doors & Door Accessories,4wp-us-16390,,,,,,,
Soft Top Door Seal Clip,Doors & Door Accessories,,,,,,,,,,,,4wp-us-C87,,,,Doors & Door Accessories,4wp-us-15170,,,,,,,
Door Wiring Harness,Doors & Door Accessories,,,,,,,,,,,,4wp-us-C87,,,,Doors & Door Accessories,cat1130160,,,,,,,
Door Handle Screw Kit,Doors & Door Accessories,,,,,,,,,,,,4wp-us-C87,,,,Doors & Door Accessories,4wp-us-18616,,,,,,,
Interior Lights Kill Switch,Doors & Door Accessories,,,,,,,,,,,,4wp-us-C87,,,,Doors & Door Accessories,cat1130161,,,,,,,
Sliding Window Set,Doors & Door Accessories,,,,,,,,,,,,4wp-us-C87,,,,Doors & Door Accessories,4wp-us-14092,,,,,,,
Door Lock Gasket,Doors & Door Accessories,,,,,,,,,,,,4wp-us-C87,,,,Doors & Door Accessories,4wp-us-11411,,,,,,,
Transmission Mounts,Drivetrain & Differential,,,,,,,,,,,,4wp-us-C12,,,,Drivetrain & Differential,4wp-us-SC505,,,,,,,
Performance Axle Components,Drivetrain & Differential,,,,,,,,,,,,4wp-us-C12,,,,Drivetrain & Differential,4wp-us-SC237,,,,,,,
Transfer Case Upgrades & Crawl Boxes,Drivetrain & Differential,,,,,,,,,,,,4wp-us-C12,,,,Drivetrain & Differential,4wp-us-SC512,,,,,,,
Drive Shafts & Drive Shaft Components,Drivetrain & Differential,,,,,,,,,,,,4wp-us-C12,,,,Drivetrain & Differential,4wp-us-SC515,,,,,,,
OEM Replacement Axle Parts,Drivetrain & Differential,,,,,,,,,,,,4wp-us-C12,,,,Drivetrain & Differential,4wp-us-SC514,,,,,,,
Complete Axles & Third Members,Drivetrain & Differential,,,,,,,,,,,,4wp-us-C12,,,,Drivetrain & Differential,4wp-us-15226,,,,,,,
Transfer Cases and Replacement Parts,Drivetrain & Differential,,,,,,,,,,,,4wp-us-C12,,,,Drivetrain & Differential,4wp-us-SC116,,,,,,,
Transmission & Transfer Case Adapters,Drivetrain & Differential,,,,,,,,,,,,4wp-us-C12,,,,Drivetrain & Differential,cat1120135,,,,,,,
Manual Transmissions Parts,Drivetrain & Differential,,,,,,,,,,,,4wp-us-C12,,,,Drivetrain & Differential,4wp-us-SC239,,,,,,,
Shifters & Shifter Components,Drivetrain & Differential,,,,,,,,,,,,4wp-us-C12,,,,Drivetrain & Differential,4wp-us-SC513,,,,,,,
Clutch & Bellhousing Components,Drivetrain & Differential,,,,,,,,,,,,4wp-us-C12,,,,Drivetrain & Differential,4wp-us-SC511,,,,,,,
Automatic Transmissions,Drivetrain & Differential,,,,,,,,,,,,4wp-us-C12,,,,Drivetrain & Differential,4wp-us-SC381,,,,,,,
Body Kits & Accessories,Exterior Parts,,,,,,,,,,,,4wp-us-S3,,,,Exterior Parts,4wp-us-SC21,,,,,,,
Mirrors,Exterior Parts,,,,,,,,,,,,4wp-us-S3,,,,Exterior Parts,4wp-us-SC465,,,,,,,
Racks,Exterior Parts,,,,,,,,,,,,4wp-us-S3,,,,Exterior Parts,4wp-us-SC82,,,,,,,
Grilles,Exterior Parts,,,,,,,,,,,,4wp-us-S3,,,,Exterior Parts,4wp-us-1384,,,,,,,
"Nameplates, Emblems & Decals",Exterior Parts,,,,,,,,,,,,4wp-us-S3,,,,Exterior Parts,4wp-us-SC423,,,,,,,
Truck Bed & Cargo Management,Exterior Parts,,,,,,,,,,,,4wp-us-S3,,,,Exterior Parts,4wp-us-SC120,,,,,,,
Steel Accessories,Exterior Parts,,,,,,,,,,,,4wp-us-S3,,,,Exterior Parts,4wp-us-SC470,,,,,,,
Car Care,Exterior Parts,,,,,,,,,,,,4wp-us-S3,,,,Exterior Parts,4wp-us-SC424,,,,,,,
Bugshields & Vent Visors,Exterior Parts,,,,,,,,,,,,4wp-us-S3,,,,Exterior Parts,4wp-us-SC457,,,,,,,
Exterior Billet Accessories,Exterior Parts,,,,,,,,,,,,4wp-us-S3,,,,Exterior Parts,4wp-us-SC410,,,,,,,
Fluid Storage,Exterior Parts,,,,,,,,,,,,4wp-us-S3,,,,Exterior Parts,4wp-us-SC188,,,,,,,
"Windshield Wiper Motors, Blades & Accessories",Exterior Parts,,,,,,,,,,,,4wp-us-S3,,,,Exterior Parts,4wp-us-SC483,,,,,,,
Bed Coatings & Paints,Exterior Parts,,,,,,,,,,,,4wp-us-S3,,,,Exterior Parts,4wp-us-SC506,,,,,,,
Horns and Train Horns,Exterior Parts,,,,,,,,,,,,4wp-us-S3,,,,Exterior Parts,4wp-us-SC241,,,,,,,
Bed Brace,Exterior Parts,,,,,,,,,,,,4wp-us-S3,,,,Exterior Parts,cat1120182,,,,,,,
"Brackets, Gussets & Tabs",Fabrication & Tools,,,,,,,,,,,,4wp-us-C86,,,,Fabrication & Tools,4wp-us-SC527,,,,,,,
Hand Tools,Fabrication & Tools,,,,,,,,,,,,4wp-us-C86,,,,Fabrication & Tools,4wp-us-SC317,,,,,,,
"Flex Joints, Rod Ends & Jam Nuts",Fabrication & Tools,,,,,,,,,,,,4wp-us-C86,,,,Fabrication & Tools,4wp-us-SC528,,,,,,,
Specialty Tools,Fabrication & Tools,,,,,,,,,,,,4wp-us-C86,,,,Fabrication & Tools,4wp-us-SC530,,,,,,,
Tubing & Tube Adapters,Fabrication & Tools,,,,,,,,,,,,4wp-us-C86,,,,Fabrication & Tools,4wp-us-SC531,,,,,,,
Garage Accessories,Fabrication & Tools,,,,,,,,,,,,4wp-us-C86,,,,Fabrication & Tools,cat1120278,,,,,,,
Fender Vents,Fenders & Flares,,,,,,,,,,,,4wp-us-C80,,,,Fenders & Flares,4wp-us-13737,,,,,,,
Fender Flares,Fenders & Flares,,,,,,,,,,,,4wp-us-C80,,,,Fenders & Flares,4wp-us-1036,,,,,,,
Tube Fenders,Fenders & Flares,,,,,,,,,,,,4wp-us-C80,,,,Fenders & Flares,cat1130171,,,,,,,
Fender Liners,Fenders & Flares,,,,,,,,,,,,4wp-us-C80,,,,Fenders & Flares,4wp-us-12475,,,,,,,
Fender Deflector,Fenders & Flares,,,,,,,,,,,,4wp-us-C80,,,,Fenders & Flares,4wp-us-13926,,,,,,,
Fender Flare Trims,Fenders & Flares,,,,,,,,,,,,4wp-us-C80,,,,Fenders & Flares,cat1130173,,,,,,,
Fender Flare Hardware Kit,Fenders & Flares,,,,,,,,,,,,4wp-us-C80,,,,Fenders & Flares,4wp-us-14087,,,,,,,
Fender Flare Extension,Fenders & Flares,,,,,,,,,,,,4wp-us-C80,,,,Fenders & Flares,4wp-us-16553,,,,,,,
Fender Trim,Fenders & Flares,,,,,,,,,,,,4wp-us-C80,,,,Fenders & Flares,cat1440207,,,,,,,
Engine & Transmission Cooling,Heating & Cooling,,,,,,,,,,,,4wp-us-C84,,,,Heating & Cooling,4wp-us-SC518,,,,,,,
Heating & Air Conditioning,Heating & Cooling,,,,,,,,,,,,4wp-us-C84,,,,Heating & Cooling,4wp-us-SC519,,,,,,,
Storage & Organizers,Interior Parts & Accessories,,,,,,,,,,,,4wp-us-S7,,,,Interior Parts & Accessories,4wp-us-SC411,,,,,,,
Interior Accessories,Interior Parts & Accessories,,,,,,,,,,,,4wp-us-S7,,,,Interior Parts & Accessories,4wp-us-SC412,,,,,,,
Floor Mats & Cargo Liners,Interior Parts & Accessories,,,,,,,,,,,,4wp-us-S7,,,,Interior Parts & Accessories,4wp-us-SC272,,,,,,,
Audio & Video,Interior Parts & Accessories,,,,,,,,,,,,4wp-us-S7,,,,Interior Parts & Accessories,4wp-us-SC500,,,,,,,
Carpet Kits & Sound Deadening,Interior Parts & Accessories,,,,,,,,,,,,4wp-us-S7,,,,Interior Parts & Accessories,4wp-us-SC352,,,,,,,
Seat Covers,Interior Parts & Accessories,,,,,,,,,,,,4wp-us-S7,,,,Interior Parts & Accessories,4wp-us-SC333,,,,,,,
Seats,Interior Parts & Accessories,,,,,,,,,,,,4wp-us-S7,,,,Interior Parts & Accessories,4wp-us-SC418,,,,,,,
Steering Wheels,Interior Parts & Accessories,,,,,,,,,,,,4wp-us-S7,,,,Interior Parts & Accessories,4wp-us-SC98,,,,,,,
Dashboard Accessories,Interior Parts & Accessories,,,,,,,,,,,,4wp-us-S7,,,,Interior Parts & Accessories,4wp-us-SC274,,,,,,,
Security Alarms,Interior Parts & Accessories,,,,,,,,,,,,4wp-us-S7,,,,Interior Parts & Accessories,4wp-us-11775,,,,,,,
Interior Cabin Filters,Interior Parts & Accessories,,,,,,,,,,,,4wp-us-S7,,,,Interior Parts & Accessories,4wp-us-SC572,,,,,,,
Suspension Accessories,"Lift Kits, Suspension & Shocks",,,,,,,,,,,,cat1120291,,,,"Lift Kits, Suspension & Shocks",4wp-us-SC101,,,,,,,
Shock Absorbers & Shock Accessories,"Lift Kits, Suspension & Shocks",,,,,,,,,,,,cat1120291,,,,"Lift Kits, Suspension & Shocks",4wp-us-7556,,,,,,,
Complete Suspension Systems and Lift Kits,"Lift Kits, Suspension & Shocks",,,,,,,,,,,,cat1120291,,,,"Lift Kits, Suspension & Shocks",4wp-us-18833,,,,,,,
Leveling Kits,"Lift Kits, Suspension & Shocks",,,,,,,,,,,,cat1120291,,,,"Lift Kits, Suspension & Shocks",4wp-us-SC358,,,,,,,
Body Lifts & Bushings,"Lift Kits, Suspension & Shocks",,,,,,,,,,,,cat1120291,,,,"Lift Kits, Suspension & Shocks",4wp-us-SC20,,,,,,,
Steering Stabilizers,"Lift Kits, Suspension & Shocks",,,,,,,,,,,,cat1120291,,,,"Lift Kits, Suspension & Shocks",4wp-us-SC509,,,,,,,
Solid Axle Conversion Kits,"Lift Kits, Suspension & Shocks",,,,,,,,,,,,cat1120291,,,,"Lift Kits, Suspension & Shocks",4wp-us-SC389,,,,,,,
Air Ride Suspensions,"Lift Kits, Suspension & Shocks",,,,,,,,,,,,cat1120291,,,,"Lift Kits, Suspension & Shocks",4wp-us-SC546,,,,,,,
Lowering & Sport Suspensions,"Lift Kits, Suspension & Shocks",,,,,,,,,,,,cat1120291,,,,"Lift Kits, Suspension & Shocks",4wp-us-SC279,,,,,,,
"Offroad Racing, Fog & Driving Lights",Lighting & Lighting Accessories,,,,,,,,,,,,4wp-us-C14,,,,Lighting & Lighting Accessories,cat1120283,,,,,,,
Light Mounting Brackets & Cradles,Lighting & Lighting Accessories,,,,,,,,,,,,4wp-us-C14,,,,Lighting & Lighting Accessories,cat1120289,,,,,,,
Lighting Accessories,Lighting & Lighting Accessories,,,,,,,,,,,,4wp-us-C14,,,,Lighting & Lighting Accessories,4wp-us-SC69,,,,,,,
Auxiliary Lighting,Lighting & Lighting Accessories,,,,,,,,,,,,4wp-us-C14,,,,Lighting & Lighting Accessories,4wp-us-SC450,,,,,,,
Work Lamps,Lighting & Lighting Accessories,,,,,,,,,,,,4wp-us-C14,,,,Lighting & Lighting Accessories,4wp-us-SC449,,,,,,,
"Replacement Headlights, Tail Lights & Bulbs",Lighting & Lighting Accessories,,,,,,,,,,,,4wp-us-C14,,,,Lighting & Lighting Accessories,4wp-us-SC67,,,,,,,
Camping Gear,Overlanding & Camping,,,,,,,,,,,,4wp-us-C88,,,,Overlanding & Camping,cat1110026,,,,,,,
Backpacks & Storage Bags,Overlanding & Camping,,,,,,,,,,,,4wp-us-C88,,,,Overlanding & Camping,4wp-us-49077,,,,,,,
Tents and Awnings,Overlanding & Camping,,,,,,,,,,,,4wp-us-C88,,,,Overlanding & Camping,4wp-us-SC565,,,,,,,
Camping Trailers,Overlanding & Camping,,,,,,,,,,,,4wp-us-C88,,,,Overlanding & Camping,cat1130118,,,,,,,
Electrical,Performance Parts,,,,,,,,,,,,4wp-us-S4,,,,Performance Parts,4wp-us-C72,,,,,,,
Engine Mounts,Performance Parts,,,,,,,,,,,,4wp-us-S4,,,,Performance Parts,4wp-us-SC551,,,,,,,
"Fittings, Lines & Hardware",Performance Parts,,,,,,,,,,,,4wp-us-S4,,,,Performance Parts,4wp-us-SC537,,,,,,,
Gauges,Performance Parts,,,,,,,,,,,,4wp-us-S4,,,,Performance Parts,4wp-us-SC54,,,,,,,
"Exhaust Systems, Headers, Pipes and Hardware",Performance Parts,,,,,,,,,,,,4wp-us-S4,,,,Performance Parts,4wp-us-SC49,,,,,,,
"Intake Kits, Air Filter & Throttle Body Spacers",Performance Parts,,,,,,,,,,,,4wp-us-S4,,,,Performance Parts,4wp-us-SC6,,,,,,,
"Carburetors, Intake Manifolds, and Throttle Body",Performance Parts,,,,,,,,,,,,4wp-us-S4,,,,Performance Parts,4wp-us-SC550,,,,,,,
Gauge Mounting & Gauge Accessories,Performance Parts,,,,,,,,,,,,4wp-us-S4,,,,Performance Parts,4wp-us-SC561,,,,,,,
Engine Oiling System,Performance Parts,,,,,,,,,,,,4wp-us-S4,,,,Performance Parts,4wp-us-SC553,,,,,,,
"Pulleys, Belts & Accessories",Performance Parts,,,,,,,,,,,,4wp-us-S4,,,,Performance Parts,4wp-us-SC556,,,,,,,
Performance Electronics,Performance Parts,,,,,,,,,,,,4wp-us-S4,,,,Performance Parts,4wp-us-SC33,,,,,,,
Performance Ignition Systems,Performance Parts,,,,,,,,,,,,4wp-us-S4,,,,Performance Parts,4wp-us-SC43,,,,,,,
"Fuel Injectors, Pumps & Throttle Control",Performance Parts,,,,,,,,,,,,4wp-us-S4,,,,Performance Parts,4wp-us-SC368,,,,,,,
Turbo & Intercooler Upgrades,Performance Parts,,,,,,,,,,,,4wp-us-S4,,,,Performance Parts,4wp-us-SC376,,,,,,,
Engine Sensors,Performance Parts,,,,,,,,,,,,4wp-us-S4,,,,Performance Parts,4wp-us-SC151,,,,,,,
Vehicle Specific Performance Packages,Performance Parts,,,,,,,,,,,,4wp-us-S4,,,,Performance Parts,4wp-us-SC557,,,,,,,
Supercharger Systems,Performance Parts,,,,,,,,,,,,4wp-us-S4,,,,Performance Parts,4wp-us-SC562,,,,,,,
Engine Gaskets & Master Rebuild Kits,Performance Parts,,,,,,,,,,,,4wp-us-S4,,,,Performance Parts,4wp-us-SC555,,,,,,,
Fuel and Oil Filters,Performance Parts,,,,,,,,,,,,4wp-us-S4,,,,Performance Parts,4wp-us-SC383,,,,,,,
"Fluids, Additives and Sealants",Performance Parts,,,,,,,,,,,,4wp-us-S4,,,,Performance Parts,4wp-us-SC345,,,,,,,
Fuel Tanks & Fuel Tank Hardware,Performance Parts,,,,,,,,,,,,4wp-us-S4,,,,Performance Parts,4wp-us-SC433,,,,,,,
Diesel Exhaust Brakes,Performance Parts,,,,,,,,,,,,4wp-us-S4,,,,Performance Parts,4wp-us-SC364,,,,,,,
Engine Dress up and Valve Covers,Performance Parts,,,,,,,,,,,,4wp-us-S4,,,,Performance Parts,4wp-us-SC552,,,,,,,
Engine Camshaft & Valvetrain,Performance Parts,,,,,,,,,,,,4wp-us-S4,,,,Performance Parts,4wp-us-SC549,,,,,,,
Engine Rotating Assembly,Performance Parts,,,,,,,,,,,,4wp-us-S4,,,,Performance Parts,4wp-us-SC554,,,,,,,
Engines & Assemblies,Performance Parts,,,,,,,,,,,,4wp-us-S4,,,,Performance Parts,4wp-us-SC46,,,,,,,
Engine Conversion Packages,Performance Parts,,,,,,,,,,,,4wp-us-S4,,,,Performance Parts,cat1120370,,,,,,,
Drive Shafts and Parts,Replacement Parts,,,,,,,,,,,,4wp-us-S8,,,,Replacement Parts,4wp-us-SC593,,,,,,,
Replacement Body Parts,Replacement Parts,,,,,,,,,,,,4wp-us-S8,,,,Replacement Parts,4wp-us-SC581,,,,,,,
Mirror Parts,Replacement Parts,,,,,,,,,,,,4wp-us-S8,,,,Replacement Parts,4wp-us-SC590,,,,,,,
Brake Parts,Replacement Parts,,,,,,,,,,,,4wp-us-S8,,,,Replacement Parts,4wp-us-SC583,,,,,,,
Axle Parts,Replacement Parts,,,,,,,,,,,,4wp-us-S8,,,,Replacement Parts,4wp-us-SC578,,,,,,,
Door Parts,Replacement Parts,,,,,,,,,,,,4wp-us-S8,,,,Replacement Parts,4wp-us-SC579,,,,,,,
Wiper Parts,Replacement Parts,,,,,,,,,,,,4wp-us-S8,,,,Replacement Parts,4wp-us-SC592,,,,,,,
Replacement Liftgate Parts,Replacement Parts,,,,,,,,,,,,4wp-us-S8,,,,Replacement Parts,4wp-us-SC575,,,,,,,
Dash Parts,Replacement Parts,,,,,,,,,,,,4wp-us-S8,,,,Replacement Parts,4wp-us-SC587,,,,,,,
Electrical Parts,Replacement Parts,,,,,,,,,,,,4wp-us-S8,,,,Replacement Parts,4wp-us-SC597,,,,,,,
Transfer Case Parts,Replacement Parts,,,,,,,,,,,,4wp-us-S8,,,,Replacement Parts,4wp-us-SC582,,,,,,,
Cooling Parts,Replacement Parts,,,,,,,,,,,,4wp-us-S8,,,,Replacement Parts,4wp-us-SC577,,,,,,,
Windshield Frame Parts,Replacement Parts,,,,,,,,,,,,4wp-us-S8,,,,Replacement Parts,cat1440216,,,,,,,
Suspension Parts,Replacement Parts,,,,,,,,,,,,4wp-us-S8,,,,Replacement Parts,4wp-us-SC573,,,,,,,
Fuel Parts,Replacement Parts,,,,,,,,,,,,4wp-us-S8,,,,Replacement Parts,4wp-us-SC588,,,,,,,
Exhaust,Replacement Parts,,,,,,,,,,,,4wp-us-S8,,,,Replacement Parts,4wp-us-SC586,,,,,,,
Air Intake Parts,Replacement Parts,,,,,,,,,,,,4wp-us-S8,,,,Replacement Parts,4wp-us-SC596,,,,,,,
Steering Column Parts,Replacement Parts,,,,,,,,,,,,4wp-us-S8,,,,Replacement Parts,4wp-us-SC594,,,,,,,
Transmission Parts,Replacement Parts,,,,,,,,,,,,4wp-us-S8,,,,Replacement Parts,4wp-us-SC598,,,,,,,
Clutch Parts,Replacement Parts,,,,,,,,,,,,4wp-us-S8,,,,Replacement Parts,4wp-us-SC576,,,,,,,
Replacement Tailgate Parts,Replacement Parts,,,,,,,,,,,,4wp-us-S8,,,,Replacement Parts,4wp-us-SC595,,,,,,,
Lighting Parts,Replacement Parts,,,,,,,,,,,,4wp-us-S8,,,,Replacement Parts,4wp-us-SC589,,,,,,,
Steering Parts,Replacement Parts,,,,,,,,,,,,4wp-us-S8,,,,Replacement Parts,4wp-us-SC574,,,,,,,
Air Conditioning Parts,Replacement Parts,,,,,,,,,,,,4wp-us-S8,,,,Replacement Parts,4wp-us-SC591,,,,,,,
Engine Parts,Replacement Parts,,,,,,,,,,,,4wp-us-S8,,,,Replacement Parts,4wp-us-SC585,,,,,,,
Heating Parts,Replacement Parts,,,,,,,,,,,,4wp-us-S8,,,,Replacement Parts,4wp-us-SC580,,,,,,,
Interior Trim Panels,Replacement Parts,,,,,,,,,,,,4wp-us-S8,,,,Replacement Parts,4wp-us-19014,,,,,,,
Nerf Bars & Steps,Side Steps & Running Boards,,,,,,,,,,,,4wp-us-C70,,,,Side Steps & Running Boards,4wp-us-SC75,,,,,,,
Rock Sliders,Side Steps & Running Boards,,,,,,,,,,,,4wp-us-C70,,,,Side Steps & Running Boards,cat2310001,,,,,,,
Running Boards,Side Steps & Running Boards,,,,,,,,,,,,4wp-us-C70,,,,Side Steps & Running Boards,4wp-us-SC86,,,,,,,
Electric Steps & Running Boards,Side Steps & Running Boards,,,,,,,,,,,,4wp-us-C70,,,,Side Steps & Running Boards,cat1130228,,,,,,,
Wheels,Tires & Wheels,,,,,,,,,,,,4wp-us-C11,,,,Tires & Wheels,4wp-us-7644,,,,,,,
Tires,Tires & Wheels,,,,,,,,,,,,4wp-us-C11,,,,Tires & Wheels,4wp-us-7636,,,,,,,
Tire & Wheel Accessories,Tires & Wheels,,,,,,,,,,,,4wp-us-C11,,,,Tires & Wheels,4wp-us-SC107,,,,,,,
Tire & Wheel Packages,Tires & Wheels,,,,,,,,,,,,4wp-us-C11,,,,Tires & Wheels,4wp-us-18468,,,,,,,
Truck Bed Lighting,Tonneau Covers & Truck Bed Covers,,,,,,,,,,,,cat1120300,,,,Tonneau Covers & Truck Bed Covers,4wp-us-10018,,,,,,,
Tonneau Cover Cleaners and Protectants,Tonneau Covers & Truck Bed Covers,,,,,,,,,,,,cat1120300,,,,Tonneau Covers & Truck Bed Covers,4wp-us-14591,,,,,,,
Truck Bed Tool Boxes & Storage,Tonneau Covers & Truck Bed Covers,,,,,,,,,,,,cat1120300,,,,Tonneau Covers & Truck Bed Covers,4wp-us-19908,,,,,,,
Tonneau Cover,Tonneau Covers & Truck Bed Covers,,,,,,,,,,,,cat1120300,,,,Tonneau Covers & Truck Bed Covers,4wp-us-1188,,,,,,,
Tonneau Cover Hardware,Tonneau Covers & Truck Bed Covers,,,,,,,,,,,,cat1120300,,,,Tonneau Covers & Truck Bed Covers,4wp-us-19894,,,,,,,
Truck Bed Organizer,Tonneau Covers & Truck Bed Covers,,,,,,,,,,,,cat1120300,,,,Tonneau Covers & Truck Bed Covers,4wp-us-18353,,,,,,,
Truck Bed Mats & Liners,Tonneau Covers & Truck Bed Covers,,,,,,,,,,,,cat1120300,,,,Tonneau Covers & Truck Bed Covers,4wp-us-10668,,,,,,,
Tailgate Mats and Seals,Tonneau Covers & Truck Bed Covers,,,,,,,,,,,,cat1120300,,,,Tonneau Covers & Truck Bed Covers,4wp-us-16121,,,,,,,
Truck Bed Racks,Tonneau Covers & Truck Bed Covers,,,,,,,,,,,,cat1120300,,,,Tonneau Covers & Truck Bed Covers,cat1450003,,,,,,,
Truck Bed Security,Tonneau Covers & Truck Bed Covers,,,,,,,,,,,,cat1120300,,,,Tonneau Covers & Truck Bed Covers,cat1450001,,,,,,,
"Wind Jammers, Wind Stoppers, Dusters & Covers",Tops & Door Accessories,,,,,,,,,,,,4wp-us-S6,,,,Tops & Door Accessories,4wp-us-SC463,,,,,,,
Brief Tops,Tops & Door Accessories,,,,,,,,,,,,4wp-us-S6,,,,Tops & Door Accessories,4wp-us-48529,,,,,,,
Cab Covers,Tops & Door Accessories,,,,,,,,,,,,4wp-us-S6,,,,Tops & Door Accessories,4wp-us-SC472,,,,,,,
Soft Top Accessories,Tops & Door Accessories,,,,,,,,,,,,4wp-us-S6,,,,Tops & Door Accessories,4wp-us-SC461,,,,,,,
Cargo Nets,Tops & Door Accessories,,,,,,,,,,,,4wp-us-S6,,,,Tops & Door Accessories,4wp-us-SC570,,,,,,,
Soft Tops,Tops & Door Accessories,,,,,,,,,,,,4wp-us-S6,,,,Tops & Door Accessories,4wp-us-SC459,,,,,,,
Hardtop Accessories,Tops & Door Accessories,,,,,,,,,,,,4wp-us-S6,,,,Tops & Door Accessories,4wp-us-SC508,,,,,,,
Hardtops,Tops & Door Accessories,,,,,,,,,,,,4wp-us-S6,,,,Tops & Door Accessories,4wp-us-SC460,,,,,,,
Window Kits,Tops & Door Accessories,,,,,,,,,,,,4wp-us-S6,,,,Tops & Door Accessories,4wp-us-SC462,,,,,,,
Truck Soft Tops,Tops & Door Accessories,,,,,,,,,,,,4wp-us-S6,,,,Tops & Door Accessories,cat1210038,,,,,,,
Cargo Management,Towing,,,,,,,,,,,,4wp-us-C67,,,,Towing,4wp-us-SC414,,,,,,,
Brake Controllers & Electrical,Towing,,,,,,,,,,,,4wp-us-C67,,,,Towing,4wp-us-SC484,,,,,,,
Towing Accessories,Towing,,,,,,,,,,,,4wp-us-C67,,,,Towing,4wp-us-SC111,,,,,,,
Drop Hitches & Ball Mounts,Towing,,,,,,,,,,,,4wp-us-C67,,,,Towing,4wp-us-SC419,,,,,,,
Mud Flaps,Towing,,,,,,,,,,,,4wp-us-C67,,,,Towing,4wp-us-SC485,,,,,,,
Trailer Hitch Covers,Towing,,,,,,,,,,,,4wp-us-C67,,,,Towing,4wp-us-SC342,,,,,,,
Hitches,Towing,,,,,,,,,,,,4wp-us-C67,,,,Towing,4wp-us-SC59,,,,,,,
Load Leveling Kits & Components,Towing,,,,,,,,,,,,4wp-us-C67,,,,Towing,4wp-us-SC2,,,,,,,
Truck Bed Ramps,Towing,,,,,,,,,,,,4wp-us-C67,,,,Towing,4wp-us-SC261,,,,,,,
UTV/ATV Plows & Accessories,UTV Parts & Accessories,,,,,,,,,,,,cat440002,,,,UTV Parts & Accessories,4wp-us-SC10,,,,,,,
UTV Tires & Wheels,UTV Parts & Accessories,,,,,,,,,,,,cat440002,,,,UTV Parts & Accessories,cat1450322,,,,,,,
UTV Audio & Speakers,UTV Parts & Accessories,,,,,,,,,,,,cat440002,,,,UTV Parts & Accessories,cat1130175,,,,,,,
UTV Interior Accessories,UTV Parts & Accessories,,,,,,,,,,,,cat440002,,,,UTV Parts & Accessories,4wp-us-SC38,,,,,,,
UTV Lighting & Whips,UTV Parts & Accessories,,,,,,,,,,,,cat440002,,,,UTV Parts & Accessories,4wp-us-SC503,,,,,,,
UTV/ATV Winches & Towing,UTV Parts & Accessories,,,,,,,,,,,,cat440002,,,,UTV Parts & Accessories,cat1420020,,,,,,,
UTV Suspension & Axles,UTV Parts & Accessories,,,,,,,,,,,,cat440002,,,,UTV Parts & Accessories,4wp-us-SC300,,,,,,,
UTV Seats & Harnesses,UTV Parts & Accessories,,,,,,,,,,,,cat440002,,,,UTV Parts & Accessories,cat1130490,,,,,,,
UTV Exterior Accessories,UTV Parts & Accessories,,,,,,,,,,,,cat440002,,,,UTV Parts & Accessories,4wp-us-SC564,,,,,,,
"UTV Cages, Bumpers & Armor",UTV Parts & Accessories,,,,,,,,,,,,cat440002,,,,UTV Parts & Accessories,cat1130238,,,,,,,
UTV Outdoor & Lifestyle,UTV Parts & Accessories,,,,,,,,,,,,cat440002,,,,UTV Parts & Accessories,cat1420023,,,,,,,
UTV Helmets & Communication,UTV Parts & Accessories,,,,,,,,,,,,cat440002,,,,UTV Parts & Accessories,4wp-us-SC209,,,,,,,
UTV Performance,UTV Parts & Accessories,,,,,,,,,,,,cat440002,,,,UTV Parts & Accessories,4wp-us-SC451,,,,,,,
Winch Accessories,Winches & Winch Accessories,,,,,,,,,,,,4wp-us-S2,,,,Winches & Winch Accessories,4wp-us-SC124,,,,,,,
Bumper & Winch Mounting Kits,Winches & Winch Accessories,,,,,,,,,,,,4wp-us-S2,,,,Winches & Winch Accessories,4wp-us-SC126,,,,,,,
Trail Jacks & Vehicle Recovery Equipment,Winches & Winch Accessories,,,,,,,,,,,,4wp-us-S2,,,,Winches & Winch Accessories,4wp-us-SC190,,,,,,,
ATV - UTV & Utility Winches,Winches & Winch Accessories,,,,,,,,,,,,4wp-us-S2,,,,Winches & Winch Accessories,cat1130266,,,,,,,
Electric Recovery Winches,Winches & Winch Accessories,,,,,,,,,,,,4wp-us-S2,,,,Winches & Winch Accessories,4wp-us-1240,,,,,,,
Utility Winches,Winches & Winch Accessories,,,,,,,,,,,,4wp-us-S2,,,,Winches & Winch Accessories,cat1450078,,,,,,,
Industrial Winches,Winches & Winch Accessories,,,,,,,,,,,,4wp-us-S2,,,,Winches & Winch Accessories,cat1450079,,,,,,,
Hydraulic Recovery Winches,Winches & Winch Accessories,,,,,,,,,,,,4wp-us-S2,,,,Winches & Winch Accessories,cat1450080,,,,,,,
"Air Compressors, Air Tanks & Air Accessories",,,,,,,,,,,,,4wp-us-C89,,,,,,,,,,,,
"Apparel, Books & DVDs",,,,,,,,,,,,,4wp-us-C85,,,,,,,,,,,,
Armor & Protection,,,,,,,,,,,,,4wp-us-C79,,,,,,,,,,,,
ATV Parts & Accessories,,,,,,,,,,,,,4wp-us-C66,,,,,,,,,,,,
"Body Parts, Roll Cages & Frames",,,,,,,,,,,,,4wp-us-C81,,,,,,,,,,,,
Brakes & Steering,,,,,,,,,,,,,4wp-us-C65,,,,,,,,,,,,
"Bumpers, Tire Carriers & Winch Mounts",,,,,,,,,,,,,4wp-us-C64,,,,,,,,,,,,
Doors & Door Accessories,,,,,,,,,,,,,4wp-us-C87,,,,,,,,,,,,
Drivetrain & Differential,,,,,,,,,,,,,4wp-us-C12,,,,,,,,,,,,
Exterior Parts,,,,,,,,,,,,,4wp-us-S3,,,,,,,,,,,,
Fabrication & Tools,,,,,,,,,,,,,4wp-us-C86,,,,,,,,,,,,
Fenders & Flares,,,,,,,,,,,,,4wp-us-C80,,,,,,,,,,,,
Heating & Cooling,,,,,,,,,,,,,4wp-us-C84,,,,,,,,,,,,
Interior Parts & Accessories,,,,,,,,,,,,,4wp-us-S7,,,,,,,,,,,,
"Lift Kits, Suspension & Shocks",,,,,,,,,,,,,cat1120291,,,,,,,,,,,,
Lighting & Lighting Accessories,,,,,,,,,,,,,4wp-us-C14,,,,,,,,,,,,
Overlanding & Camping,,,,,,,,,,,,,4wp-us-C88,,,,,,,,,,,,
Performance Parts,,,,,,,,,,,,,4wp-us-S4,,,,,,,,,,,,
Replacement Parts,,,,,,,,,,,,,4wp-us-S8,,,,,,,,,,,,
Side Steps & Running Boards,,,,,,,,,,,,,4wp-us-C70,,,,,,,,,,,,
Tires & Wheels,,,,,,,,,,,,,4wp-us-C11,,,,,,,,,,,,
Tonneau Covers & Truck Bed Covers,,,,,,,,,,,,,cat1120300,,,,,,,,,,,,
Tops & Door Accessories,,,,,,,,,,,,,4wp-us-S6,,,,,,,,,,,,
Towing,,,,,,,,,,,,,4wp-us-C67,,,,,,,,,,,,
UTV Parts & Accessories,,,,,,,,,,,,,cat440002,,,,,,,,,,,,
Winches & Winch Accessories,,,,,,,,,,,,,4wp-us-S2,,,,,,,,,,,,